序号,参数摘要,建议结论,证据/理由
2,编码智能适配 <!-- -->,涉配套产品,病案编码智能辅助属编码产品；平台 ICD 检索+DRG 入组已备
92,关键字查阅病人实时状态，亦可查阅病例的实时状态。 <!-- -->,功能等效,患者360（/cdr/patient360）+ CDR ILIKE 检索 /cdr/search；驾驶舱实时概览
94,"分析软件部署在服务器上，支持WEB访问分析软件,不限制工作站点数量；",功能等效,全平台 B/S（Vue3 Web），无工作站点数授权限制
110,提供多种图表辅助分析工具，包括趋势图、相关图、饼图、直方图、昼夜规律图、比较图等；,功能等效,药事分析页已提供用药TOP/中西药构成/DDD强度/月度经费（/drug-analysis）；专项报表集属点评软件，基础数据均可由报表引擎（SELECT 白名单）自定义
151,支持展示警示信息发生数药品前十名；,功能等效,药事分析页已提供用药TOP/中西药构成/DDD强度/月度经费（/drug-analysis）；专项报表集属点评软件，基础数据均可由报表引擎（SELECT 白名单）自定义
164,"提供""心血管系统、呼吸系统、泌尿系统、内分泌系统、血液系统、肿瘤与应用、儿科学""7类医学相关计算公式的应用计算。 其他医药信息",涉配套产品,医学计算公式库属知识库内容；CDSS 建议库可承载
198,实现儿童剂量多维度审查，儿童剂量符合参考标准中年龄和体重任一条件，均判断为合理的剂量；,涉配套产品,商用用药知识库深度审查；平台 CDSS 四规则表（DDI/剂量/年龄/建议）留有同构接入点
199,实现缓释片、控释片、肠溶片等对分剂量服用有特定要求的药品，其每次给药剂量是否为合理的可分剂量的审查；,涉配套产品,商用用药知识库深度审查；平台 CDSS 四规则表（DDI/剂量/年龄/建议）留有同构接入点
202,在门诊药嘱用药时，支持特定药品的用药疗程的管控，限制医生仅能在规定疗程内进行开药；,涉配套产品,商用用药知识库深度审查；平台 CDSS 四规则表（DDI/剂量/年龄/建议）留有同构接入点
213,对于必须先用注射用水稀释的注射剂，实现其同组药嘱中是否添加注射用水的审查。 特殊人群用药审查,涉配套产品,商用用药知识库深度审查；平台 CDSS 四规则表（DDI/剂量/年龄/建议）留有同构接入点
273,支持多种样本抽取方式； > 门诊：,功能等效,质控抽检支持计划/临时抽检（qc_check），满意度/现患率支持一键抽样生成；按药品/医生等维度抽样属点评软件深化
274,提供全部抽取；,功能等效,质控抽检支持计划/临时抽检（qc_check），满意度/现患率支持一键抽样生成；按药品/医生等维度抽样属点评软件深化
275,提供随机按指定数量或百分比抽取；,功能等效,质控抽检支持计划/临时抽检（qc_check），满意度/现患率支持一键抽样生成；按药品/医生等维度抽样属点评软件深化
276,提供等间隔按指定数量抽取；,功能等效,质控抽检支持计划/临时抽检（qc_check），满意度/现患率支持一键抽样生成；按药品/医生等维度抽样属点评软件深化
278,提供按药品抽取，即当存在药品名称筛选条件时，支持按筛选药品指定数量抽取；,功能等效,质控抽检支持计划/临时抽检（qc_check），满意度/现患率支持一键抽样生成；按药品/医生等维度抽样属点评软件深化
280,提供全部抽取；,功能等效,质控抽检支持计划/临时抽检（qc_check），满意度/现患率支持一键抽样生成；按药品/医生等维度抽样属点评软件深化
281,提供随机按指定数量或百分比抽取；,功能等效,质控抽检支持计划/临时抽检（qc_check），满意度/现患率支持一键抽样生成；按药品/医生等维度抽样属点评软件深化
282,提供等间隔按指定数量抽取；,功能等效,质控抽检支持计划/临时抽检（qc_check），满意度/现患率支持一键抽样生成；按药品/医生等维度抽样属点评软件深化
284,提供按药品抽取，即当存在药品名称筛选条件时，支持按筛选药品指定数量抽取；,功能等效,质控抽检支持计划/临时抽检（qc_check），满意度/现患率支持一键抽样生成；按药品/医生等维度抽样属点评软件深化
285,提供按医生抽取，即当存在医生筛选条件时，支持按筛选医生指定数量或百分比抽取样本；,功能等效,质控抽检支持计划/临时抽检（qc_check），满意度/现患率支持一键抽样生成；按药品/医生等维度抽样属点评软件深化
286,提供按病区、医疗组、主管医生抽取，即当存在主管医生筛选条件时，支持按指定数量或百分比抽取病区、医疗组、主管医生，每个病区、医疗组、主管医生指定数量或百分比的样本；,功能等效,质控抽检支持计划/临时抽检（qc_check），满意度/现患率支持一键抽样生成；按药品/医生等维度抽样属点评软件深化
304,支持点击药品后，右侧警示信息栏只显示该药品相关的警示信息；,功能等效,药事分析页已提供用药TOP/中西药构成/DDD强度/月度经费（/drug-analysis）；专项报表集属点评软件，基础数据均可由报表引擎（SELECT 白名单）自定义
376,门诊质子泵抑制剂使用情况汇总；,功能等效,药事分析页已提供用药TOP/中西药构成/DDD强度/月度经费（/drug-analysis）；专项报表集属点评软件，基础数据均可由报表引擎（SELECT 白名单）自定义
399,全院药品使用分析；,功能等效,药事分析页已提供用药TOP/中西药构成/DDD强度/月度经费（/drug-analysis）；专项报表集属点评软件，基础数据均可由报表引擎（SELECT 白名单）自定义
400,门诊药品用量分析；,功能等效,药事分析页已提供用药TOP/中西药构成/DDD强度/月度经费（/drug-analysis）；专项报表集属点评软件，基础数据均可由报表引擎（SELECT 白名单）自定义
402,门诊药品金额分析；,功能等效,药事分析页已提供用药TOP/中西药构成/DDD强度/月度经费（/drug-analysis）；专项报表集属点评软件，基础数据均可由报表引擎（SELECT 白名单）自定义
411,门诊用药适宜性一览表；,功能等效,药事分析页已提供用药TOP/中西药构成/DDD强度/月度经费（/drug-analysis）；专项报表集属点评软件，基础数据均可由报表引擎（SELECT 白名单）自定义
418,全院药品使用排名；,功能等效,药事分析页已提供用药TOP/中西药构成/DDD强度/月度经费（/drug-analysis）；专项报表集属点评软件，基础数据均可由报表引擎（SELECT 白名单）自定义
425,医疗机构一般情况调查；,功能等效,药事分析页已提供用药TOP/中西药构成/DDD强度/月度经费（/drug-analysis）；专项报表集属点评软件，基础数据均可由报表引擎（SELECT 白名单）自定义
440,门诊抗肿瘤药物临床使用情况汇总；,功能等效,药事分析页已提供用药TOP/中西药构成/DDD强度/月度经费（/drug-analysis）；专项报表集属点评软件，基础数据均可由报表引擎（SELECT 白名单）自定义
449,全院药品使用情况分析；,功能等效,药事分析页已提供用药TOP/中西药构成/DDD强度/月度经费（/drug-analysis）；专项报表集属点评软件，基础数据均可由报表引擎（SELECT 白名单）自定义
456,全院药品使用分析（含在院）；,功能等效,药事分析页已提供用药TOP/中西药构成/DDD强度/月度经费（/drug-analysis）；专项报表集属点评软件，基础数据均可由报表引擎（SELECT 白名单）自定义
458,全院药品使用情况分析（含在院）；,功能等效,药事分析页已提供用药TOP/中西药构成/DDD强度/月度经费（/drug-analysis）；专项报表集属点评软件，基础数据均可由报表引擎（SELECT 白名单）自定义
494,支持在药师审核任务时，展示干预阶段医生预先填写的特别用药理由。,涉配套产品,处方点评软件参数；平台审方工作台（reviewStatus 状态机）已备基础
524,支持药师已收藏案例的筛选查看；,涉配套产品,处方点评软件参数；平台审方工作台（reviewStatus 状态机）已备基础
567,支持Android4.4及以上版本，iOS8.0及以上版本，鸿蒙等操作系统。,功能等效,患者端/移动工作台为 H5 方案，任意现代浏览器与微信内运行，与终端 OS 版本解耦
574,支持算法标准：SM2、SM3。,涉配套产品,CA 产品参数；平台 SignatureAdapter SPI 接入点就绪（ADR 系列）
576,提供时间源管理。,涉配套产品,CA 产品参数；平台 SignatureAdapter SPI 接入点就绪（ADR 系列）
589,支持自定义证书扩展域管理；,涉配套产品,CA 产品参数；平台 SignatureAdapter SPI 接入点就绪（ADR 系列）
593,支持自定义证书扩展域管理；,涉配套产品,CA 产品参数；平台 SignatureAdapter SPI 接入点就绪（ADR 系列）
600,能够按需免费扩展，无接入通讯点数量限制。,涉配套产品,CA 产品参数；平台 SignatureAdapter SPI 接入点就绪（ADR 系列）
604,通过参数而非编程的方式，能够对接各类异构信息系统而无论其底层技术栈何种技术，如JMS、Web服务功能、JDBC、HTTP、File、FTP、及其它等80多种协议。,涉配套产品,重型 ESB 产品参数；平台 int_adapter 文件/DB 路由雏形已备
607,准许通过XSLT能够予以完成对XML格式的转换，能够XML标准定义。,涉配套产品,重型 ESB 产品参数；平台 int_adapter 文件/DB 路由雏形已备
610,能够对已有功能业务流程的重新编排，然后组合生成新的业务流程。,涉配套产品,重型 ESB 产品参数；平台 int_adapter 文件/DB 路由雏形已备
612,其他数据资料库连接能够采用自定义方式连接。,涉配套产品,ESB 数据源连接器产品参数；平台 int_adapter DB 适配器已备基础
620,能够显示企业级服务功能总线信息系统架构的监测结果，包括服务功能器系统资源情况、Flow（服务功能业务流程）情况监测、部署情况监测。,涉配套产品,重型 ESB 产品参数；平台 int_adapter 文件/DB 路由雏形已备
757,提供对主数据的明细数据注册、修改、注销功能，支持明细数据的批量操作，确保主数据明细准确、完整。,功能等效,主数据批量导入 API（药品/收费 CSV upsert）+ 数据元管理
793,所有知识可以选择使用平台已有知识，也可以复用其他医院已有经验。 > 知识证据,功能等效,规则库（CDSS/DRG/审核）均为数据表——标准产品字典包即跨院复用机制
829,支持界面自定义布局。,部分响应,病历模板/报表引擎自定义已备；页面级拖拽布局属低代码产品
838,支持人工手动调整队列顺序。 +-----------------------------------------------------------------------------------------------------+ +---------------------------------------------------------------------------------,部分响应,叫号过号/重呼/顺延已备；人工拖拽排序为深化项
865,支持复制粘贴。 +---------------------------------------------------------------------------------------------------------------------------------------------------------------------------------------------+,功能等效,标准 Web 交互原生支持；医嘱复制既往方案已备
867,支持按日导入。 +---------------------------------------------------------------------------------------------------------------------------------------------------------------------------------------------+ ,功能等效,患者/工资/字典/医保对照四类批量导入均已备（幂等）
878,对可合并项目自动整合至同一时段。 +--------------------------------------------------------------------------------------------------------------------------------------------------------------------------------------,功能等效,检查检验时段预约自动合并同时段（AM/PM 顺序号）
948,窗宽窗位调节：支持自动计算与手动精细调节，适应不同组织对比度需求。 +-----------------------------------------------------------------------------------------------------------------------------------------------------------------+,涉配套产品,影像后处理/阅片/病理工作站产品；平台 RIS/病理流转与 PACS 接入点已备
949,多模态伪彩映射：内置黑白反向、彩虹色、金属色、火红、热金属蓝及混合模式等多种预设，满足多样化阅片习惯。 +---------------------------------------------------------------------------------------------------------------------------------------------------,涉配套产品,影像后处理/阅片/病理工作站产品；平台 RIS/病理流转与 PACS 接入点已备
950,图像增强：提供图像锐化与增强算法，提升细节辨识度。 +-----------------------------------------------------------------------------------------------------------------------------------------------------------------+,涉配套产品,影像后处理/阅片/病理工作站产品；平台 RIS/病理流转与 PACS 接入点已备
951,支持无损缩放、平移漫游、水平/垂直翻转及任意角度旋转等基础几何变换。 +-----------------------------------------------------------------------------------------------------------------------------------------------------------------+,涉配套产品,影像后处理/阅片/病理工作站产品；平台 RIS/病理流转与 PACS 接入点已备
954,"在执行测量、翻转、窗宽窗位调整等操作后，支持""一键重置""至初始状态，确保阅片流程高效无忧。 +---------------------------------------------------------------------------------------------------------------------------------------------------------",涉配套产品,影像后处理/阅片/病理工作站产品；平台 RIS/病理流转与 PACS 接入点已备
968,在接诊病人管理中，支持多病人接诊模式。 +-----------------------------------------------------------------------------------------------------------------------------------------------------------------------------------,功能等效,医生站接诊队列多患者切换；加号=排班容量调整；退号联动收费拦截（3006）；转科已备
976,能够诊间加号、转诊、转介、退号等功能。 +-----------------------------------------------------------------------------------------------------------------------------------------------------------------------------------,功能等效,医生站接诊队列多患者切换；加号=排班容量调整；退号联动收费拦截（3006）；转科已备
1033,拥有费用相关汇总。 +---------------------------------------------------------------------------------------------------------------------------------------------------------------------------------------------,功能等效,住院费用汇总/每日清单/押金预警 + 患者端费用明细
1042,能够简卡和明细卡另种显示方式。 +-----------------------------------------------------------------------------------------------------------------+,功能等效,住院费用汇总/每日清单/押金预警 + 患者端费用明细
1056,费用管控。 +-----------------------------------------------------------------------------------------------------------------+,功能等效,住院费用汇总/每日清单/押金预警 + 患者端费用明细
1067,实现了对元素库信息的具体详情内容的预先查阅，和对元素库信息的基础信息实施编辑、给指定的元素库增加子类元素库等能力。 +---------------------------------------------------------------------------------------------------------------------------------------------,部分响应,报表引擎（SELECT 白名单）+ 数据元管理已备；可视化元素库属报表平台产品
1071,实现了对数据源信息的具体详情内容的预先查阅，和对数据源信息的基础信息实施编辑、给指定的数据源增加子类数据源等能力。 +---------------------------------------------------------------------------------------------------------------------------------------------,部分响应,报表引擎（SELECT 白名单）+ 数据元管理已备；可视化元素库属报表平台产品
1125,在门诊配药模式上，系统支持两种方式：一种是不纳入系统严格流程管理的简易配药模式，另一种是纳入系统全流程管理的规范化配药模式。 +----------------------------------------------------------------------------------------------------------------------------------------,功能等效,门诊发药全流程（CHARGED→DISPENSED 原子扣库存）即规范化模式
1168,系统支持自定义每月的月结日期。首次月结基于初始化建账的日期，之后每个月的月结周期则从上一次月结的终止时间开始计算。 +---------------------------------------------------------------------------------------------------------------------------------------------,部分响应,日结报表+交款核对已备（/reports/daily）；自定义月结周期/取消月结为财务深化项
1169,系统提供了取消月结的功能，但为确保数据连续性，取消操作必须从最后一个已月结的月份开始，逐月向前进行，不允许跨月取消。 +--------------------------------------------------------------------------------------------------------------------------------------------,部分响应,日结报表+交款核对已备（/reports/daily）；自定义月结周期/取消月结为财务深化项
1188,支持特殊医学符号、表达式及医学矢量图标注。 +----------------------------------------------------------------------------------------+,涉配套产品,商用病历编辑器控件参数；平台病历模板/打印数据集已备
1199,可预设药品默认剂量、频次、用法。 +----------------------------------------------------------------------------------------+,功能等效,开单默认带出药品用法/频次/单次剂量（医生站 OrderLine）
1240,支持续打、按页打等多种模式。 +----------------------------------------------------------------------------------------+,涉配套产品,商用病历编辑器控件参数；平台病历模板/打印数据集已备
1298,实现了对元素库信息的具体详情内容的预先查阅，和对元素库信息的基础信息实施编辑、给指定的元素库增加子类元素库等能力。 +---------------------------------------------------------------------------------------------------------------------------------------------,部分响应,报表引擎（SELECT 白名单）+ 数据元管理已备；可视化元素库属报表平台产品
1302,实现了对数据源信息的具体详情内容的预先查阅，和对数据源信息的基础信息实施编辑、给指定的数据源增加子类数据源等能力。 +---------------------------------------------------------------------------------------------------------------------------------------------,部分响应,报表引擎（SELECT 白名单）+ 数据元管理已备；可视化元素库属报表平台产品
1346,系统提供缺药替换功能。当某种药品缺货或被禁用时，允许使用具有相同规格但生产厂家不同的同种药品进行替换，以保证临床用药不中断。 +----------------------------------------------------------------------------------------------------------------------------------------,部分响应,药库进销存统一流水与退药已备；批次/效期/扫码属库房深化项
1389,系统支持自定义每月的月结日期。首次月结基于初始化建账的日期，之后每个月的月结周期则从上一次月结的终止时间开始计算。 +---------------------------------------------------------------------------------------------------------------------------------------------,部分响应,日结报表+交款核对已备（/reports/daily）；自定义月结周期/取消月结为财务深化项
1390,系统提供了取消月结的功能，但为确保数据连续性，取消操作必须从最后一个已月结的月份开始，逐月向前进行，不允许跨月取消。 +--------------------------------------------------------------------------------------------------------------------------------------------,部分响应,日结报表+交款核对已备（/reports/daily）；自定义月结周期/取消月结为财务深化项
1392,系统全面支持对药品的批次管理，能够追踪每一批次的药品流向。 +-------------------------------------------------------------------------------------------------------------------------------------------------------------------------,部分响应,药库进销存统一流水与退药已备；批次/效期/扫码属库房深化项
1406,可按照行业标准格式自动生成器械清点记录单，同时支持根据医院实际管理需求，定制化调整记录单格式，适配院内器械管理规范。 +--------------------------------------------------------------------------------------------------------------------------------------------,部分响应,CSSD 四环节追溯链已备（回收→清洗→灭菌→发放，越级拦截）；器械明细/丢失登记为深化项
1411,可按照行业通用标准格式自动生成安全核查记录单，同时支持结合医院实际管理规范，定制化调整记录单的内容与格式，全面适配院内安全核查工作需求。 +----------------------------------------------------------------------------------------------------------------------------------,部分响应,手术麻醉记录单已备（术中时间轴/PACU）；三方安全核查表单为手麻深化项
1759,具备对比审核、阈值自动审核功能。 +--------------------------------------------------------------------------------------------------------------------------------------------------------------------------------------,部分响应,LIS 流转与危急值（HH/LL）自动判读已备；室内质控阈值引擎为 LIS 深化项
1760,支持阈值自动审核机制。 +-------------------------------------------------------------------------------------------------------------------------------------------------------------------------------------------,部分响应,LIS 流转与危急值（HH/LL）自动判读已备；室内质控阈值引擎为 LIS 深化项
1763,支持项目质控的确定。 +--------------------------------------------------------------------------------------------------------------------------------------------------------------------------------------------,部分响应,LIS 流转与危急值（HH/LL）自动判读已备；室内质控阈值引擎为 LIS 深化项
1766,支持智能审核历史结果分析。 +-----------------------------------------------------------------------------------------------------------------------------------------------------------------------------------------,部分响应,LIS 流转与危急值（HH/LL）自动判读已备；室内质控阈值引擎为 LIS 深化项
1860,支持会申请单时效控制。 +----------------------------------------------------------------------------+,功能等效,会诊管理已备（申请/应答/时限质控）
1880,套餐维护可将同类项目均维护至一个套餐，项目及套餐均支持单选折扣维护；项目开单时系统根据客户所提供相关信息自动过滤掉不符情况的项目，避免开单错误；开单时支持单项或多项赠送（不计费）。 +------------------------------------------------------------------------------------------------------------,部分响应,体检个检/团检/异常率已备；套餐折扣/多屏/弃检为体检深化项
1906,支持多屏显示，便于客户确认自己的相关基本信息；同时方便客户问卷调查。 +--------------------------------------------------------------------------------------------------------------------------------------------------------------------,部分响应,体检个检/团检/异常率已备；套餐折扣/多屏/弃检为体检深化项
1908,系统提供折扣比、折扣金额（抹零）、上浮金额、实收定价等多种折扣模式。 +--------------------------------------------------------------------------------------------------------------------------------------------------------------------,部分响应,体检个检/团检/异常率已备；套餐折扣/多屏/弃检为体检深化项
1953,根据操作员使用情况提供记忆功能，操作员常用结论词排于前方。 +-------------------------------------------------------------------------------------------------------------------------------------------------------------------------,部分响应,体检个检/团检/异常率已备；套餐折扣/多屏/弃检为体检深化项
1987,可查看客户当前所处环节及各环节情况。 +------------------------------------------------------------------------------------------------------------------------------------------------------------------------------------,部分响应,体检个检/团检/异常率已备；套餐折扣/多屏/弃检为体检深化项
1988,可对客户项目进行弃检、反弃检等。 +--------------------------------------------------------------------------------------------------------------------------------------------------------------------------------------,部分响应,体检个检/团检/异常率已备；套餐折扣/多屏/弃检为体检深化项
2040,医生工号发生变化时，可在手机上修改绑定的工号。 +-------------------------------------------------------------------------------------------------------------------------------------------------------------------------------,涉配套产品,互联网医院医生 APP 产品参数；平台移动工作台 /m 已提供院内 H5
2056,支持通过扫描药瓶条码的方式进行配药管理。 +----------------------------------------------------------------------------------------------------------------------------------------------------------------------------------,部分响应,药库进销存统一流水与退药已备；批次/效期/扫码属库房深化项
2076,通过扫描配送单二维码获取药品配送信息，进行接收操作。支持扫描配送单号或者药品条码号。 +------------------------------------------------------------------------------------------------------------------------------------------------------------,部分响应,药库进销存统一流水与退药已备；批次/效期/扫码属库房深化项
2210,支持静态图像上下翻转、左右翻转、放大、缩小、裁剪编辑功能；支持静态图像角度、直线、箭头、圆、矩形、多边形和文字等批注工具。 +-----------------------------------------------------------------------------------------------------------------------------------------,涉配套产品,图像批注控件产品参数；平台报告文本与附件台账已备
2270,支持静态图像上下翻转、左右翻转、放大、缩小、裁剪编辑功能；支持静态图像角度、直线、箭头、圆、矩形、多边形和文字等批注工具。 +-----------------------------------------------------------------------------------------------------------------------------------------,涉配套产品,图像批注控件产品参数；平台报告文本与附件台账已备
2303,支持出诊记录查看调阅，查看待出诊列表信息。 +------------------------------------------------------------------------------+,涉配套产品,院前急救系统参数；平台急诊预检分诊（I-IV 级）与留观已备
2305,支持查看出诊地图轨迹，查看出诊路线。 +------------------------------------------------------------------------------+,涉配套产品,院前急救系统参数；平台急诊预检分诊（I-IV 级）与留观已备
2311,支持点选、文字等记录出诊过程中的急救措施和急救操作等。 +------------------------------------------------------------------------------+,涉配套产品,院前急救系统参数；平台急诊预检分诊（I-IV 级）与留观已备
2336,支持特殊病种（绿色通道）的标识，并可根据需求自定义。 +------------------------------------------------------------------------------------------------------------------------------------------------------------------+,功能等效,急诊预检分诊 I 级即绿色通道队列（可自定义级别名）
2345,支持快速添加或移除群体时间标记。 +------------------------------------------------------------------------------------------------------------------------------------------------------------------+,部分响应,团检分组已备；群体标记快捷操作为深化
2349,支持接收院前出诊信息，快速查看院前信息。 +------------------------------------------------------------------------------------------------------------------------------------------------------------------+,涉配套产品,院前急救系统参数；平台急诊预检分诊（I-IV 级）与留观已备
2410,根据授权书写、编辑医疗文书。 +--------------------------------------------------------------------------------------------+,功能等效,病历模板 + 住院病历（入院/病程/出院小结）+ CA 签名冻结
2411,支持快速创建医疗文书，支持历史文书调阅编辑。 +--------------------------------------------------------------------------------------------+,功能等效,病历模板 + 住院病历（入院/病程/出院小结）+ CA 签名冻结
2434,支持批量转归，记录转归去向等信息。 +--------------------------------------------------------------------------------------------+,功能等效,急诊留观去向登记（er_observation）；出院转归属病案首页
2445,实现了对数据源数据的详细信息的预览，以及对数据源数据的基本信息进行修改、给指定的数据源新增子类数据源等功能。 （6）参数管理,部分响应,报表引擎（SELECT 白名单）+ 数据元管理已备；可视化元素库属报表平台产品
2486,实施智能摘要高亮技术，在结果列表中截取包含命中文本的片段，并对关键词进行醒目标红处理，提升阅读效率。 +------------------------------------------------------------------------------------------------------------+,部分响应,CDR ILIKE 全文检索已备；高亮/布尔检索为搜索深化项
2493,"引入""逻辑非（NOT）""排除机制，允许设定负向关键词过滤条件，精准剔除无关干扰数据。 +------------------------------------------------------------------------------------------------------------+",部分响应,CDR ILIKE 全文检索已备；高亮/布尔检索为搜索深化项
2523,大体取材工作站。 +---------------------------------------------------------------------------------------------------------------------------------------------------------+,涉配套产品,影像后处理/阅片/病理工作站产品；平台 RIS/病理流转与 PACS 接入点已备
2631,能够建立与管理随机抽样样本。 +-------------------------------------------------------------------------------------------------------------------------------+,功能等效,质控抽检支持计划/临时抽检（qc_check），满意度/现患率支持一键抽样生成；按药品/医生等维度抽样属点评软件深化
2666,支持逻辑性、合理性、国家直报标准等多类型校验。 +----------------------------------------------------------------------+,功能等效,数据质量 6 规则引擎 + 数据填报审批（dg_ 系列）
2693,支持复印记录检索。 +----------------------------------------------------------------------+,部分响应,病案归档已备；复印登记为病案室深化项
2699,支持订单管理。 +----------------------------------------------------------------------+,功能等效,统一订单行 outp_order/采购单据链 pur_doc 双体系
2729,支持数据自动校验与后台映射转换，不影响院内规则。 +----------------------------------------------------------------------+,功能等效,数据质量 6 规则引擎 + 数据填报审批（dg_ 系列）
2731,支持分院数据独立处理与总院汇总。 +----------------------------------------------------------------------+,部分响应,单院实例形态（产品化方案）；多院区汇总走 CDR/报表跨库方案
2735,支持随机抽样评审，自动计算评审比例。 +----------------------------------------------------------------------+,功能等效,质控抽检支持计划/临时抽检（qc_check），满意度/现患率支持一键抽样生成；按药品/医生等维度抽样属点评软件深化
2791,系统提供了取消月结的功能，但为确保数据连续性，取消操作必须从最后一个已月结的月份开始，逐月向前进行，不允许跨月取消。 +--------------------------------------------------------------------------------------------------------------------------------------------,部分响应,日结报表+交款核对已备（/reports/daily）；自定义月结周期/取消月结为财务深化项
2795,生产企业信息管理：此模块专门用于管理与医院有业务往来的所有生产企业的详细信息，包括但不限于生产企业的名称、资质、联系方式。 +-----------------------------------------------------------------------------------------------------------------------------------------,功能等效,供应商/生产商证照台账 hrp_supplier_cert 已备 90 天到期预警（/hrp/equipment）
2850,支持预警结果处能直接显示预警原因。,功能等效,危急值/健康告警/医保审核提醒均携带原因文本直显
2851,支持预置丰富专业预警策略；,部分响应,院感/运维告警框架已备（阈值+工单联动）；自由组合策略引擎属专业软件深化
2853,支持自定义预警策略，各条件可自由组合。至少包含以下条件：,部分响应,院感/运维告警框架已备（阈值+工单联动）；自由组合策略引擎属专业软件深化
2858,送检项目以及检出病原体；,部分响应,院感专项已备：三管千日率（含导尿管泌尿系统感染千分率）/现患率一键调查/报卡闭环；耐药谱与手卫生依从率需检验微生物数据源，属专业院感监测软件深化
2859,抗生素以及持续使用抗生素X天以上；,部分响应,院感专项已备：三管千日率（含导尿管泌尿系统感染千分率）/现患率一键调查/报卡闭环；耐药谱与手卫生依从率需检验微生物数据源，属专业院感监测软件深化
2871,支持自定义趋势条件，各条件可任意组合。,部分响应,院感/运维告警框架已备（阈值+工单联动）；自由组合策略引擎属专业软件深化
2919,对于医院现有系统不支持的监测内容，能够通过手工补充内容。,功能等效,院感报卡/三管监测均支持手工登记补充
2920,支持前瞻性监测，能对感染过程进行追踪、监测。,部分响应,院感专项已备：三管千日率（含导尿管泌尿系统感染千分率）/现患率一键调查/报卡闭环；耐药谱与手卫生依从率需检验微生物数据源，属专业院感监测软件深化
2949,支持生成MDR、XDR、PDR各种耐药类型。,部分响应,院感专项已备：三管千日率（含导尿管泌尿系统感染千分率）/现患率一键调查/报卡闭环；耐药谱与手卫生依从率需检验微生物数据源，属专业院感监测软件深化
2950,支持ESBL+监测。,部分响应,院感专项已备：三管千日率（含导尿管泌尿系统感染千分率）/现患率一键调查/报卡闭环；耐药谱与手卫生依从率需检验微生物数据源，属专业院感监测软件深化
2953,支持提供多重耐药病人督导表。,部分响应,院感专项已备：三管千日率（含导尿管泌尿系统感染千分率）/现患率一键调查/报卡闭环；耐药谱与手卫生依从率需检验微生物数据源，属专业院感监测软件深化
3010,支持对比手消用品领用情况。,部分响应,院感/运维告警框架已备（阈值+工单联动）；自由组合策略引擎属专业软件深化
3034,支持法律法规、操作规范等学习内容发布。,功能等效,OA 制度文件库（上传/检索/在线预览）承载法规与操作规范发布
3048,支持生成多重耐药菌感染发现率。,部分响应,院感专项已备：三管千日率（含导尿管泌尿系统感染千分率）/现患率一键调查/报卡闭环；耐药谱与手卫生依从率需检验微生物数据源，属专业院感监测软件深化
3049,支持生成多重耐药菌感染检出率。,部分响应,院感专项已备：三管千日率（含导尿管泌尿系统感染千分率）/现患率一键调查/报卡闭环；耐药谱与手卫生依从率需检验微生物数据源，属专业院感监测软件深化
3051,支持生成医务人员手卫生依从率。,部分响应,院感专项已备：三管千日率（含导尿管泌尿系统感染千分率）/现患率一键调查/报卡闭环；耐药谱与手卫生依从率需检验微生物数据源，属专业院感监测软件深化
3059,支持生成导尿管相关泌尿系统感染发病千分率。,功能等效,CAUTI 千日率已实现（inf_catheter 三管监测，不足 1 日按 1 日计）
3060,支持生成血液透析相关血流感染发病率。,部分响应,院感专项已备：三管千日率（含导尿管泌尿系统感染千分率）/现患率一键调查/报卡闭环；耐药谱与手卫生依从率需检验微生物数据源，属专业院感监测软件深化
3070,支持医院风险因素评估。,部分响应,院感/运维告警框架已备（阈值+工单联动）；自由组合策略引擎属专业软件深化
3073,支持模版自定义。,部分响应,病历模板/报表引擎自定义已备；页面级拖拽布局属低代码产品
3075,支持发送通知通过到临床医生端。,功能等效,危急值/告警联动 + 订阅推送（dg_subscription Mock 通道）
3085,支持有独立的部署程序和服务。,功能等效,独立发布产物（jar+dist+compose），tools/release.py 打包
3086,支持批量导入。,功能等效,患者/工资/字典/医保对照四类批量导入均已备（幂等）
3087,支持定时自动执行也支持手工运行。,功能等效,自动对账（@Scheduled+手动触发双模式）、备份任务计划同模式
3091,支持数据提取支持多种系统来源。,功能等效,CDR 多源抽取（JdbcTemplate 只读+增量水位）+ int_adapter 文件/DB 源
3106,支持C/S、B/S架构；调用方式灵活。,功能等效,平台为 B/S 架构、独立部署产物（jar+dist），不依赖医生工作站
3114,支持独立运行，有无医生工作站均可。,功能等效,平台为 B/S 架构、独立部署产物（jar+dist），不依赖医生工作站
3116,支持提供C/S、B/S两种架构的解决方案。,功能等效,平台为 B/S 架构、独立部署产物（jar+dist），不依赖医生工作站
3152,居民死亡医学证明（推断）书。 +-----------------------------------------------------------------------------------------------------------------------------------------+,部分响应,病案首页/打印数据集框架可承载；死因链表单为专项深化
3165,具备外部数据映射能力，支持表项直接对接业务数据库实现实时数据源引用。 +--------------------------------------------------------------------------------------------------------------------------------------------------------------------,功能等效,报表引擎直连业务库白名单查询；数据治理术语映射已备
3228,具备多人员并发指派能力，支持将复杂事件的调查或处理任务同时分配给多名具体责任人协作完成。 +----------------------------------------------------------------------------------------------------------------------------------------------------------,部分响应,不良事件处理流转已备；多人并行指派为深化项
3246,部署时间序列趋势分析引擎，按年度、季度及月度颗粒度追踪事件波动规律，识别季节性特征或长期改进效果。 +-----------------------------------------------------------------------------------------------------------------------------------------------------,功能等效,指标快照按期留存（dg_metric_def 9 项）+ 驾驶舱趋势；报表引擎可出季度/月度序列
3258,通过时间轴查看所有个人档案事件发生情况，通过年份和事件类型进行过滤查看。,功能等效,HR 员工档案/培训台账/继续教育学分/资质台账（90 天预警）+ 医务奖惩可由 hr_employee 扩展字段承载；带教/借阅为深化字段
3259,管理维护个人档案基本信息，包含工号、姓名、性别、婚姻、出生日期、手机号码、邮箱地址等内容。,涉配套产品,流程设计器/公文/邮件属 OA 产品；平台 OA 已备审批流转、我发起的、制度文件库（/hrp/ops）
3262,管理职称职务信息，档案显示医务调动后的变动记录，包含调动/任命日期、获得职称与职务名称等信息。,功能等效,HR 员工档案/培训台账/继续教育学分/资质台账（90 天预警）+ 医务奖惩可由 hr_employee 扩展字段承载；带教/借阅为深化字段
3265,管理三新记录信息，包含记录项目名称、开始和结束时间、项目单位、项目类型等。,功能等效,HR 员工档案/培训台账/继续教育学分/资质台账（90 天预警）+ 医务奖惩可由 hr_employee 扩展字段承载；带教/借阅为深化字段
3266,管理专业学会任职信息，包含任职开始和结束时间、任职团体、任职职务等。,功能等效,HR 员工档案/培训台账/继续教育学分/资质台账（90 天预警）+ 医务奖惩可由 hr_employee 扩展字段承载；带教/借阅为深化字段
3268,查看奖惩情况，通过奖惩记录生成的包含奖励和惩罚相关的日期、部门、项目、等级、金额等。,功能等效,HR 员工档案/培训台账/继续教育学分/资质台账（90 天预警）+ 医务奖惩可由 hr_employee 扩展字段承载；带教/借阅为深化字段
3273,管理带教记录，包含带教记录开始和结束时间、带教项目、组别、周数、学生来源等。,功能等效,HR 员工档案/培训台账/继续教育学分/资质台账（90 天预警）+ 医务奖惩可由 hr_employee 扩展字段承载；带教/借阅为深化字段
3276,档案借阅记录，可以记录医务人员档案借阅情况和归还情况。 <!-- -->,功能等效,HR 员工档案/培训台账/继续教育学分/资质台账（90 天预警）+ 医务奖惩可由 hr_employee 扩展字段承载；带教/借阅为深化字段
3286,支持批量对同一职称的所有医生进行批量授权。 <!-- -->,功能等效,HR 员工档案/培训台账/继续教育学分/资质台账（90 天预警）+ 医务奖惩可由 hr_employee 扩展字段承载；带教/借阅为深化字段
3300,项目负责人对即将要开展的新项目新技术进行申请，申请的时候填写项目申请表，系统内置申请表的样式，医院需要提供格式进行调整。 可管理项目申请状态，暂存状态下可修改或者删除申请单。 可查看项目申请情况和审核记录情况。 2) 项目审核 <!-- -->,功能等效,科研/三新项目台账 sr_item（申请→审核→状态跟踪）
3306,支持以进度条的方式跟踪查看项目开展进度。,功能等效,科研/三新项目台账 sr_item（申请→审核→状态跟踪）
3312,支持通过申请日期、类型、状态查看申请状态。,功能等效,科研/三新项目台账 sr_item（申请→审核→状态跟踪）
3320,支持对投诉记录的调解处理，包含院方代表、调解时间、调解地点、院方法律人员、患方法律人员、调解结果等信息记录。,部分响应,不良事件与故障工单闭环已备；投诉调解诉讼专项为医务深化
3321,支持对调解不成功的记录进行诉讼处理，包含诉讼结果、诉讼时间等信息记录。,部分响应,不良事件与故障工单闭环已备；投诉调解诉讼专项为医务深化
3323,支持对处理结果的记录。,功能等效,不良事件/故障工单均含处置结果与留痕字段
3335,支持自由选择驳回节点。,部分响应,OA/填报审批已备驳回；自由选择回退节点为流程引擎深化
3366,支持医务科管理和记录所有医生的奖励和惩罚信息并记录到个人医疗技术档案。 <!-- -->,功能等效,HR 员工档案/培训台账/继续教育学分/资质台账（90 天预警）+ 医务奖惩可由 hr_employee 扩展字段承载；带教/借阅为深化字段
3405,支持选择计划的周期生成计划,功能等效,保养计划（自动顺延）/质控抽检计划/巡检计划均支持周期生成
3406,"""年""计划时，可以任意选择12个月份中的某一些月份。",功能等效,保养计划（自动顺延）/质控抽检计划/巡检计划均支持周期生成
3407,"""月""计划时，可以任意选择一个或者多个月份，然后选择对应的周。",功能等效,保养计划（自动顺延）/质控抽检计划/巡检计划均支持周期生成
3408,"""日""计划时，可以任意选择一个或者多个月份，然后选择对应的日期。",功能等效,保养计划（自动顺延）/质控抽检计划/巡检计划均支持周期生成
3423,支持批量进行原因分析，整改时间、整改措施、效果评价。,功能等效,质控抽检评分与不良事件均含原因/整改/评价字段
3451,支持公益派单无纸化管理，同时可根据预设条件进行人员推荐。 <!-- -->,部分响应,不良事件与故障工单闭环已备；投诉调解诉讼专项为医务深化
3453,支持对投诉记录的调解处理，包含院方代表、调解时间、调解地点、院方法律人员、患方法律人员、调解结果等信息记录。,部分响应,不良事件与故障工单闭环已备；投诉调解诉讼专项为医务深化
3454,支持对调解不成功的记录进行诉讼处理，包含诉讼结果、诉讼时间等信息记录。,部分响应,不良事件与故障工单闭环已备；投诉调解诉讼专项为医务深化
3456,支持对处理结果的记录。,功能等效,不良事件/故障工单均含处置结果与留痕字段
3481,按照需要的信息选择并填写专著的主要内容进行保存。主要填写内容包含专著的图书名称、出版年份、附件、报销情况等。 +------------------------------------------------------------------------------------------------------------------------------------------------,功能等效,科研台账 sr_item（项目/知识产权转化/报销留痕，已审禁改删 4763）
3496,支持完整记录每一条数据的处理过程，包括操作时间、操作人、操作类型等信息，形成详细的操作日志。 +--------------------------------------------------------------------------------------------------------------------------------------------------------,功能等效,写操作全量审计 sys_audit_log（用户/路径/敏感过滤）
3500,系统支持批量审核与多级审核流程，满足不同医院的审核管理需求。 +------------------------------------------------------------------------------------------------------------------------------------------------------------------------,功能等效,数据填报审批 + OA 审批流转已备多级审核
3511,疾病动作关联模块实现了疾病类型与已定义动作的深度绑定，构建起完整的疾病全过程管理模型。 +-----------------------------------------------------------------------------------------------------------------------------------------------------------,部分响应,临床路径（入径/变异）+ 单病种（ICD 前缀入组）已备；病种动作引擎为深化
3512,根据不同疾病类型的特点，关联相应的动作序列，明确动作在疾病诊疗过程中的参考执行顺序和要求。 +---------------------------------------------------------------------------------------------------------------------------------------------------------,部分响应,临床路径（入径/变异）+ 单病种（ICD 前缀入组）已备；病种动作引擎为深化
3516,支持业务系统根据病种挂载相应的病种动作，确保各业务环节紧密围绕病种管理要求开展工作。 +------------------------------------------------------------------------------------------------------------------------------------------------------------,部分响应,临床路径（入径/变异）+ 单病种（ICD 前缀入组）已备；病种动作引擎为深化
3530,能够按身份证号进行身份数据资料识别。 +----------------------------------------------------------------------------------------+,功能等效,EMPI 按证件号识别（推算性别生日、同证件号幂等）
3534,能够对相似度较高的数据资料进行合并。 +----------------------------------------------------------------------------------------+,部分响应,EMPI 同证件号自动归一已备；模糊相似度合并为主索引深化
3536,能够连接身份证读卡器进行身份证数据资料读取。 +----------------------------------------------------------------------------------------+,涉外部条件,读卡设备对接；EMPI 按证件号识别/合并已具备（platform/empi）
3537,能够卡的新建、注销、启用、停用等行为。 +----------------------------------------------------------------------------------------+,涉配套产品,一卡通系统参数；平台账户体系走 EMPI+患者端
3538,能够对卡进行挂失，补办等功能。 +----------------------------------------------------------------------------------------+,涉配套产品,院内一卡通系统与设备；平台聚合支付 PayAdapter 与患者端缴费已备
3543,能够浏览卡的交易明细数据资料。 +----------------------------------------------------------------------------------------+,涉配套产品,院内一卡通系统与设备；平台聚合支付 PayAdapter 与患者端缴费已备
3544,能够卡账户退现和转账功能。 +----------------------------------------------------------------------------------------+,涉配套产品,院内一卡通系统与设备；平台聚合支付 PayAdapter 与患者端缴费已备
3564,能够常用功能的快捷键行为。 +------------------------------------------------------------------------------------------------------------------------------------------+,功能等效,标准 Web 交互原生支持；医嘱复制既往方案已备
3577,退号能够连续行为，能够退号处理操作。 +------------------------------------------------------------------------------------------------------------------------------------------+,功能等效,医生站接诊队列多患者切换；加号=排班容量调整；退号联动收费拦截（3006）；转科已备
3716,系统具备票据分配、领用、审核等全流程管理功能，支持对票据的使用情况进行跟踪和控制。 +----------------------------------------------------------------------------------------------------------------+,部分响应,收费票据打印数据集已备；票据号段领用管理为财务深化
3742,工作其他数据资料：包含办公电话、是否卫生应当急专家、卫生应当急专家类别、卫生应当急专业、---级学科代码、是否规培生、聘用方式、来院方式、所学专业代码等数据资料。 +---------------------------------------------------------------------------------------------------------------------,部分响应,HR 员工档案已备核心字段；执业注册/家庭成员等扩展字段为深化（hr_employee 可扩列）
3743,医务数据资料：包含资格证书编码、执业证书编码、执业范围、执业注册地、医师类别、是否多地点执业医师、第2执业单位代码、第3执业单位代码等数据资料。 +------------------------------------------------------------------------------------------------------------------------------,部分响应,HR 员工档案已备核心字段；执业注册/家庭成员等扩展字段为深化（hr_employee 可扩列）
3746,考核奖惩：包含年度、考核结果、备注、荣誉名称、颁发机构、获得时间、附件、处罚时间、处罚机构、处罚内容等数据资料。 +----------------------------------------------------------------------------------------------------------------------------------------------,功能等效,HR 员工档案/培训台账/继续教育学分/资质台账（90 天预警）+ 医务奖惩可由 hr_employee 扩展字段承载；带教/借阅为深化字段
3747,教育经历：包含开始时间、结束时间、学校、所学专业、教育类别、学历、学位、学位获取时间、学制及证明人等数据资料。 +-----------------------------------------------------------------------------------------------------------------------------------------------,部分响应,HR 员工档案已备核心字段；执业注册/家庭成员等扩展字段为深化（hr_employee 可扩列）
3751,家庭成员数据资料：包含与本人关系、姓名、工号、出生日期、政治面貌、单位/职务、电话、紧急联系人、本院职工等数据资料。 +--------------------------------------------------------------------------------------------------------------------------------------------,部分响应,HR 员工档案已备核心字段；执业注册/家庭成员等扩展字段为深化（hr_employee 可扩列）
3758,拥有对劳动合同、见习合同等进行新签、续签、启用、废弃等管控功能。 +----------------------------------------------------------------------------------------------------------------------------------------------------------------------,部分响应,HR 招聘登记已备；合同新签续签台账为深化项
3783,拥有简历填写页面供应当聘者填写相关数据资料。 +--------------------------------------------------------------------------------------------------------------------------------------------------------------------------------,部分响应,HR 招聘登记已备；合同新签续签台账为深化项
3784,并进行已读标记，拥有对应当聘者简历进行处理操作的功能。 +---------------------------------------------------------------------------------------------------------------------------------------------------------------------------,部分响应,HR 招聘登记已备；合同新签续签台账为深化项
3797,汇总之后，若数量存在疑问，支持修改数量。 +--------------------------------------------------------------------------------------------------------------------------+,功能等效,采购验收支持补录/调整（发票补/调 4693）
3812,系统提供接受功能，必选接受才能使用。 +--------------------------------------------------------------------------------------------------------------------------+,功能等效,单据链验收/接收动作已备（采购/调拨/CSSD）
3824,提供盈亏情况填写的功能。 +--------------------------------------------------------------------------------------------------------------------------+,功能等效,采购单据链（备货→审核→验收补/调发票→退货，作废还原）+ 物资进销存；核价=价格调整留痕 price_change_log
3829,提供初步评估故障功能。 +---------------------------------------------------------+,功能等效,运维中心故障工单台账（ops_fault_ticket 分级/处置闭环）
3864,提供汇总数量修改功能。 +------------------------------------------------------------+ 订单管理 +------------------------------------------------------------+,功能等效,采购单据链（备货→审核→验收补/调发票→退货，作废还原）+ 物资进销存；核价=价格调整留痕 price_change_log
3874,提供接受与拒绝接受功能。 +------------------------------------------------------------+,功能等效,采购单据链（备货→审核→验收补/调发票→退货，作废还原）+ 物资进销存；核价=价格调整留痕 price_change_log
3880,提供验收通过和不通过的记录功能。 +------------------------------------------------------------+,功能等效,采购单据链（备货→审核→验收补/调发票→退货，作废还原）+ 物资进销存；核价=价格调整留痕 price_change_log
3907,支持核价功能。,功能等效,采购单据链（备货→审核→验收补/调发票→退货，作废还原）+ 物资进销存；核价=价格调整留痕 price_change_log
3955,提供采购申请单创建功能。 +--------------------------------------------------------------------------------+,功能等效,采购单据链（备货→审核→验收补/调发票→退货，作废还原）+ 物资进销存；核价=价格调整留痕 price_change_log
3957,提供采购申请单审核功能。 +--------------------------------------------------------------------------------+,功能等效,采购单据链（备货→审核→验收补/调发票→退货，作废还原）+ 物资进销存；核价=价格调整留痕 price_change_log
3963,提供资产自动折旧功能。 +--------------------------------------------------------------------------------+,功能等效,资产直线折旧/净值/价值调整/折旧明细（/hrp/assets，as_value_adjust）
3965,提供折旧历史，明细查看功能。 +--------------------------------------------------------------------------------+,功能等效,资产直线折旧/净值/价值调整/折旧明细（/hrp/assets，as_value_adjust）
3979,提供上传各类型资产文档功能。 +--------------------------------------------------------------------------------+,功能等效,资产附件台账 as_asset_doc；OA 附件与制度文件库
3996,支持显示器械列表，并可记录丢失的器械信息。 +---------------------------------------------------------------------------------------------------------------------------------------------------------------------------------,部分响应,CSSD 四环节追溯链已备（回收→清洗→灭菌→发放，越级拦截）；器械明细/丢失登记为深化项
3997,支持回收时扫描或输入工人条码。 +---------------------------------------------------------------------------------------------------------------------------------------------------------------------------------------,部分响应,CSSD 四环节追溯链已备（回收→清洗→灭菌→发放，越级拦截）；器械明细/丢失登记为深化项
4001,支持选择清洗设备与包进行关联。 +---------------------------------------------------------------------------------------------------------------------------------------------------------------------------------------,部分响应,CSSD 四环节追溯链已备（回收→清洗→灭菌→发放，越级拦截）；器械明细/丢失登记为深化项
4015,支持记录具体的使用病人及器械包的明细内容。 +---------------------------------------------------------------------------------------------------------------------------------------------------------------------------------,部分响应,CSSD 四环节追溯链已备（回收→清洗→灭菌→发放，越级拦截）；器械明细/丢失登记为深化项
4029,提供筛选功能。 +----------------------------------------------------------------+,功能等效,各列表页均备关键字/条件筛选（结账明细检索等）
4057,能够直接行为进行办理，显示我的待办列表。 +----------------------------------------------------------------------------------------------------------------------------------------+,功能等效,OA 审批待办 + 工单台账即待办视图
4059,包括：新建、转发、答复、抄送等功能，能够通用邮件功能，并能够能够上传多个附件，我的邮箱：予以完成单位内部工作人员之间的相互交流。 +--------------------------------------------------------------------------------------------------------------------------------------,涉配套产品,流程设计器/公文/邮件属 OA 产品；平台 OA 已备审批流转、我发起的、制度文件库（/hrp/ops）
4063,会议室申请：包括会议室申请、会议室管控、会议室使用情况浏览功能。 +----------------------------------------------------------------------------------------------------------------------------------------+,涉配套产品,流程设计器/公文/邮件属 OA 产品；平台 OA 已备审批流转、我发起的、制度文件库（/hrp/ops）
4065,我的附件：管控个人已上传到平台信息系统中的附件。 +----------------------------------------------------------------------------------------------------------------------------------------+ 我的业务流程 +----------------------------,功能等效,资产附件台账 as_asset_doc；OA 附件与制度文件库
4068,我发起的业务流程：由当前行为人员发起的业务流程。 +----------------------------------------------------------------------------------------------------------------------------------------+,功能等效,OA「我发起的」视图已实现（三十六期）
4069,抄送给我的业务流程：业务流程选择抄送给当前行为人员的业务流程。 +----------------------------------------------------------------------------------------------------------------------------------------+,部分响应,OA 审批流转已备；抄送/追回为流程引擎深化
4070,并且能够再次发起，我取回的业务流程：取回由行为人员发起的业务流程。 +----------------------------------------------------------------------------------------------------------------------------------------+ 公文管控 +---------------------,部分响应,OA 审批流转已备；抄送/追回为流程引擎深化
4071,公文发文：公文发文业务流程管控。 +----------------------------------------------------------------------------------------------------------------------------------------+,涉配套产品,流程设计器/公文/邮件属 OA 产品；平台 OA 已备审批流转、我发起的、制度文件库（/hrp/ops）
4074,业务流程管控。 +----------------------------------------------------------------------------------------------------------------------------------------+,功能等效,OA 审批流转管理（发起/审批/驳回/留痕）
4075,业务流程设计：包括业务流程图设计、业务流程监听管控、业务流程表达式管控。 +----------------------------------------------------------------------------------------------------------------------------------------+,涉配套产品,流程设计器/公文/邮件属 OA 产品；平台 OA 已备审批流转、我发起的、制度文件库（/hrp/ops）
4077,业务流程实例：能够对当前未办结的业务流程进行挂起、关闭、委派其他人执行操作、跳转等行为。 +----------------------------------------------------------------------------------------------------------------------------------------+,涉配套产品,流程设计器/公文/邮件属 OA 产品；平台 OA 已备审批流转、我发起的、制度文件库（/hrp/ops）
4085,职务管控：对平台信息系统中所有职务数据资料进行管控。 +----------------------------------------------------------------------------------------------------------------------------------------+,功能等效,用户职称/职务字段（sys_user.title）+ 角色体系
4086,数据资料字典：数据资料字典的管控。 +----------------------------------------------------------------------------------------------------------------------------------------+,功能等效,数据元管理（WS 363 框架，dg_data_element）+ 各业务字典页
4091,平台信息系统监测。 +----------------------------------------------------------------------------------------------------------------------------------------+,功能等效,运维中心健康概览（DB/磁盘/备份时效/慢接口/告警联动）
4094,我的邮箱：包括写邮件、收件箱、发件箱、草稿箱、垃圾箱等功能。 +----------------------------------------------------------------------------------------------------------------------------------------+,涉配套产品,流程设计器/公文/邮件属 OA 产品；平台 OA 已备审批流转、我发起的、制度文件库（/hrp/ops）
4099,我的附件：对已上传的附件数据资料进行浏览。 +----------------------------------------------------------------------------------------------------------------------------------------+ （2） 我的流程 +-----------------------------,功能等效,资产附件台账 as_asset_doc；OA 附件与制度文件库
4103,且下一业务流程任务环节未执行操作的业务流程进行追回，业务流程追回：行为人员对已执行操作到下一业务流程任务环节。 +----------------------------------------------------------------------------------------------------------------------------------------+,部分响应,OA 审批流转已备；抄送/追回为流程引擎深化
4169,我的医院：医生可以在这里查看绑定的医院，如果绑定了多个医院，也可以切换医院。 +----------------------------------------------------------------------------------------------------------------------------------------------------------------,涉配套产品,互联网医院医生 APP 产品参数；平台移动工作台 /m 已提供院内 H5
4170,工号修改：医生HIS工号发生变化时，可以修改绑定的工号。 +--------------------------------------------------------------------------------------------------------------------------------------------------------------------------,涉配套产品,互联网医院医生 APP 产品参数；平台移动工作台 /m 已提供院内 H5
4171,网络切换：根据医院情况，支持内外网切换。部分功能在内网下不可使用。 +---------------------------------------------------------------------------------------------------------------------------------------------------------------------,涉配套产品,互联网医院医生 APP 产品参数；平台移动工作台 /m 已提供院内 H5
4232,结合智慧医院的建设标准，医院可以在对应的管理后台对反馈进行答复。 +----------------------------------------------------------------------------------------------------------------------------------------------------------------------,功能等效,满意度调查 + 故障工单处置答复闭环
4289,120专线1条，规格：100M。租赁服务期限36个月。,非参数（网络租赁服务）,网络线路租赁属服务采购项，非软件参数
4290,电子政务外网1条，规格：100M。租赁服务期限36个月。,非参数（网络租赁服务）,网络线路租赁属服务采购项，非软件参数
4291,金财网1条，规格：100M。租赁服务期限36个月。,非参数（网络租赁服务）,网络线路租赁属服务采购项，非软件参数
