序号,参数摘要,终审结论,对应功能/说明
2,编码智能适配 <!-- -->,待人工签认,
34,需支持按照规则类型、规则名称、规则分类、规则来源等维度进行规则查询。 规则库规则自定义,功能等效,科室组织树/菜单树/数据元分类
90,采集端支持录入病人信息，后续分析环节无需重复录入；,部分符合,对应业务登记能力已实现，字段级差异逐条比对
92,关键字查阅病人实时状态，亦可查阅病例的实时状态。 <!-- -->,待人工签认,
94,"分析软件部署在服务器上，支持WEB访问分析软件,不限制工作站点数量；",待人工签认,
110,提供多种图表辅助分析工具，包括趋势图、相关图、饼图、直方图、昼夜规律图、比较图等；,待人工签认,
130,支持局域网内远程管理，便于日常运行维护及故障处理；,部分符合,对应模块维护能力已实现（字典/参数/规则），细节逐条比对
131,软件兼容国产操作系统。 +-------------------------------+-----------------------------------------------------------------------------------------------------------------------------------------------------------,功能等效,Java/浏览器技术栈天然跨平台（Linux/信创 OS 可部署，容器编排已备）
144,干预效果分析；,部分符合,CDSS 提醒留痕可统计，干预效果趋势为报表扩展
145,支持图表化展示实时干预效果（每小时更新）；,部分符合,CDSS 提醒留痕可统计，干预效果趋势为报表扩展
148,支持展示干预效果趋势图；,部分符合,CDSS 提醒留痕可统计，干预效果趋势为报表扩展
151,支持展示警示信息发生数药品前十名；,待人工签认,
164,"提供""心血管系统、呼吸系统、泌尿系统、内分泌系统、血液系统、肿瘤与应用、儿科学""7类医学相关计算公式的应用计算。 其他医药信息",待人工签认,
167,可查询国家卫健委和药品监督管理局发布的通知公告和法律法规。 自定义医院文献,部分符合,对应模块查询统计能力已实现，界面细节逐条比对
182,通过采用警示级别的设置，实现按严重程度对审查出的不合理问题进行区分： <!-- -->,功能等效,CDSS FORBID/CAUTION 分级 + 危急值 HH/LL
198,实现儿童剂量多维度审查，儿童剂量符合参考标准中年龄和体重任一条件，均判断为合理的剂量；,待人工签认,
199,实现缓释片、控释片、肠溶片等对分剂量服用有特定要求的药品，其每次给药剂量是否为合理的可分剂量的审查；,待人工签认,
202,在门诊药嘱用药时，支持特定药品的用药疗程的管控，限制医生仅能在规定疗程内进行开药；,待人工签认,
213,对于必须先用注射用水稀释的注射剂，实现其同组药嘱中是否添加注射用水的审查。 特殊人群用药审查,待人工签认,
229,精、麻、毒、放、高危等药品的审查；,部分符合,抗菌分级管控+CDSS 已闭环，精麻毒放标识为 md_drug 字段扩展
273,支持多种样本抽取方式； > 门诊：,待人工签认,
274,提供全部抽取；,待人工签认,
275,提供随机按指定数量或百分比抽取；,待人工签认,
276,提供等间隔按指定数量抽取；,待人工签认,
278,提供按药品抽取，即当存在药品名称筛选条件时，支持按筛选药品指定数量抽取；,待人工签认,
280,提供全部抽取；,待人工签认,
281,提供随机按指定数量或百分比抽取；,待人工签认,
282,提供等间隔按指定数量抽取；,待人工签认,
284,提供按药品抽取，即当存在药品名称筛选条件时，支持按筛选药品指定数量抽取；,待人工签认,
285,提供按医生抽取，即当存在医生筛选条件时，支持按筛选医生指定数量或百分比抽取样本；,待人工签认,
286,提供按病区、医疗组、主管医生抽取，即当存在主管医生筛选条件时，支持按指定数量或百分比抽取病区、医疗组、主管医生，每个病区、医疗组、主管医生指定数量或百分比的样本；,待人工签认,
287,支持多方案抽取，在单项目中新增多个抽取方案，每个方案对应一份抽取条件，多份条件逐一抽取；,归配套产品,处方点评多方案抽样属商用点评产品参数
304,支持点击药品后，右侧警示信息栏只显示该药品相关的警示信息；,待人工签认,
361,门诊基本药物使用情况汇总；,部分符合,药事分析已有全院/中西药/DDD/月度经费，增长率与基药标记为报表扩展
362,门诊省基本药物使用情况汇总；,部分符合,药事分析已有全院/中西药/DDD/月度经费，增长率与基药标记为报表扩展
376,门诊质子泵抑制剂使用情况汇总；,待人工签认,
380,门诊中药使用情况汇总；,部分符合,药事分析已有全院/中西药/DDD/月度经费，增长率与基药标记为报表扩展
399,全院药品使用分析；,待人工签认,
400,门诊药品用量分析；,待人工签认,
402,门诊药品金额分析；,待人工签认,
410,门诊用药适宜性分析；,部分符合,CDSS 提醒留痕可统计，干预效果趋势为报表扩展
411,门诊用药适宜性一览表；,待人工签认,
418,全院药品使用排名；,待人工签认,
422,门诊药费增长分析表；,部分符合,药事分析已有全院/中西药/DDD/月度经费，增长率与基药标记为报表扩展
425,医疗机构一般情况调查；,待人工签认,
440,门诊抗肿瘤药物临床使用情况汇总；,待人工签认,
449,全院药品使用情况分析；,待人工签认,
456,全院药品使用分析（含在院）；,待人工签认,
458,全院药品使用情况分析（含在院）；,待人工签认,
494,支持在药师审核任务时，展示干预阶段医生预先填写的特别用药理由。,待人工签认,
501,支持系统审查结果快速跳转到规则设置页面。,部分符合,对应模块维护能力已实现（字典/参数/规则），细节逐条比对
505,支持设置药师最大接收任务数；,部分符合,对应模块维护能力已实现（字典/参数/规则），细节逐条比对
524,支持药师已收藏案例的筛选查看；,待人工签认,
567,支持Android4.4及以上版本，iOS8.0及以上版本，鸿蒙等操作系统。,待人工签认,
574,支持算法标准：SM2、SM3。,待人工签认,
576,提供时间源管理。,待人工签认,
581,支持通过管理界面进行应用管理、证书管理、系统配置以及日志查询等管理操作，支持通过web管理页面直接升级系统。,功能等效,系统管理（用户/角色/配置/审计）齐备
589,支持自定义证书扩展域管理；,待人工签认,
593,支持自定义证书扩展域管理；,待人工签认,
600,能够按需免费扩展，无接入通讯点数量限制。,待人工签认,
604,通过参数而非编程的方式，能够对接各类异构信息系统而无论其底层技术栈何种技术，如JMS、Web服务功能、JDBC、HTTP、File、FTP、及其它等80多种协议。,待人工签认,
605,拥有多种协议转换的转换器（Transformer），如httpTransformer。,归配套产品,重型格式转换器属 ESB 产品，平台已有 HL7 解析+CDA 输出
606,拥有文件格式适配的转换器（Transformer）。如：xml格式适配json格式，能够多种文件格式适配，xml格式适配String格式等。,归配套产品,重型格式转换器属 ESB 产品，平台已有 HL7 解析+CDA 输出
607,准许通过XSLT能够予以完成对XML格式的转换，能够XML标准定义。,待人工签认,
610,能够对已有功能业务流程的重新编排，然后组合生成新的业务流程。,待人工签认,
611,能够如下主流数据资料存储的对接，MySql、SqlServer、Oracle等。,部分符合,平台采用 PostgreSQL，JPA/JDBC 层具备主流库可迁移性（技术路线说明响应）
612,其他数据资料库连接能够采用自定义方式连接。,待人工签认,
613,能够HTTP协议与HTTPS安全稳定能够靠能够靠协议组件。,功能等效,HTTP/HTTPS 服务化接口 + MLLP/TCP + 文件/DB 适配器
620,能够显示企业级服务功能总线信息系统架构的监测结果，包括服务功能器系统资源情况、Flow（服务功能业务流程）情况监测、部署情况监测。,待人工签认,
627,结合医院实际数据规模、硬件资源配置等情况，制定差异化运营数据抽取策略，优先将各类运营数据抽取至数据仓库进行存储管理。 （3）数据清洗,归配套产品,数仓 ETL 属大数据平台产品
641,支持对主数据目录、数据来源、版本信息等基础信息进行维护，可配置主数据包含的字段信息，包括字段编码、数据类型、长度、默认值、非空校验、主键标识等，并支持与其他主数据建立关联关系。,功能等效,数据元管理（类型/格式/值域，WS 363 种子）
705,基于已配置完成的执行器参数，可创建并管理各类数据采集任务，支持灵活配置定时调度规则，实现数据采集任务的自动化、规范化运行，有效提升任务执行效率。,部分符合,集成适配器+路由雏形已有，调度编排属 ESB 级配套
707,负责任务调度执行器的注册及全生命周期管理，支持执行器的新增、编辑等操作，保障执行器稳定运行，为各类任务调度工作提供可靠的基础支撑。 +-------------------------------+-----------------------------------------------------------------------------------------------------,部分符合,集成适配器+路由雏形已有，调度编排属 ESB 级配套
719,负责字典核心数据维护，包括值域代码、值域名称、编码规则、版本信息、备注说明等内容的新增、编辑、查询、启用与禁用，保障字典数据准确完整。,部分符合,对应模块查询统计能力已实现，界面细节逐条比对
730,在授权基础上，进一步强化服务调用的安全管理，防范非法调用，保障服务与数据的安全。已获得授权的服务，需通过平台统一认证服务，获取对应的认证令牌；只有校验为有效状态的认证令牌，才能进一步调用相关业务服务，确保服务调用的合法性与安全性。,功能等效,JWT 统一认证+RBAC+接口级 @PreAuthorize
756,提供对主数据的明细数据与业务系统的基础数据的映射关系管理功能，包含建立映射关系、修改映射关系、发布映射关系信息，确保主数据与业务数据协同一致。,功能等效,ICD/药品/收费项目主数据 + 数据元/术语管理
757,提供对主数据的明细数据注册、修改、注销功能，支持明细数据的批量操作，确保主数据明细准确、完整。,待人工签认,
758,提供对主数据的明细数据与业务系统的基础数据的映射关系管理功能，包含建立映射关系、修改映射关系、发布映射关系信息，确保主数据与业务数据协同一致。,功能等效,ICD/药品/收费项目主数据 + 数据元/术语管理
760,根据部分字段内容的一致性，提供业务系统基础数据和主数据自动映射功能，提升映射效率，减少人工操作成本，支持自动映射结果的人工校验与调整。,功能等效,ICD/药品/收费项目主数据 + 数据元/术语管理
793,所有知识可以选择使用平台已有知识，也可以复用其他医院已有经验。 > 知识证据,待人工签认,
794,所有平台已添加知识，均有明确证据来源和证据可信度。 > 生效配置,部分符合,对应模块维护能力已实现（字典/参数/规则），细节逐条比对
829,支持界面自定义布局。,待人工签认,
838,支持人工手动调整队列顺序。 +-----------------------------------------------------------------------------------------------------+ +---------------------------------------------------------------------------------,待人工签认,
841,屏幕的界面布局和展示内容支持自定义配置。 +-----------------------------------------------------------------------------------------------------+,部分符合,对应模块维护能力已实现（字典/参数/规则），细节逐条比对
865,支持复制粘贴。 +---------------------------------------------------------------------------------------------------------------------------------------------------------------------------------------------+,待人工签认,
867,支持按日导入。 +---------------------------------------------------------------------------------------------------------------------------------------------------------------------------------------------+ ,待人工签认,
878,对可合并项目自动整合至同一时段。 +--------------------------------------------------------------------------------------------------------------------------------------------------------------------------------------,待人工签认,
893,支持上一周、下一周快捷查询。 +---------------------------------------------------------------------------------------+,部分符合,对应模块查询统计能力已实现，界面细节逐条比对
948,窗宽窗位调节：支持自动计算与手动精细调节，适应不同组织对比度需求。 +-----------------------------------------------------------------------------------------------------------------------------------------------------------------+,待人工签认,
949,多模态伪彩映射：内置黑白反向、彩虹色、金属色、火红、热金属蓝及混合模式等多种预设，满足多样化阅片习惯。 +---------------------------------------------------------------------------------------------------------------------------------------------------,待人工签认,
950,图像增强：提供图像锐化与增强算法，提升细节辨识度。 +-----------------------------------------------------------------------------------------------------------------------------------------------------------------+,待人工签认,
951,支持无损缩放、平移漫游、水平/垂直翻转及任意角度旋转等基础几何变换。 +-----------------------------------------------------------------------------------------------------------------------------------------------------------------+,待人工签认,
954,"在执行测量、翻转、窗宽窗位调整等操作后，支持""一键重置""至初始状态，确保阅片流程高效无忧。 +---------------------------------------------------------------------------------------------------------------------------------------------------------",待人工签认,
968,在接诊病人管理中，支持多病人接诊模式。 +-----------------------------------------------------------------------------------------------------------------------------------------------------------------------------------,待人工签认,
976,能够诊间加号、转诊、转介、退号等功能。 +-----------------------------------------------------------------------------------------------------------------------------------------------------------------------------------,待人工签认,
1004,能够多种录入方式：五笔首码、拼音首码、汉字、商品名、通用名、药品编码等。 +------------------------------------------------------------------------------------------------------------------------------------------------------------------,部分符合,对应业务登记能力已实现，字段级差异逐条比对
1005,提高医生开方速度，能够预先设置药品的默认剂量、频次、用法等。 +------------------------------------------------------------------------------------------------------------------------------------------------------------------------,部分符合,对应模块维护能力已实现（字典/参数/规则），细节逐条比对
1028,能够死亡登记卡的登记。 +-------------------------------------------------------------------------------------------------------------------------------------------------------------------------------------------,部分符合,对应业务登记能力已实现，字段级差异逐条比对
1031,拥有医师工作量汇总。 +--------------------------------------------------------------------------------------------------------------------------------------------------------------------------------------------,功能等效,科室工作量统计（日结/病案统计/科室 CMI）
1033,拥有费用相关汇总。 +---------------------------------------------------------------------------------------------------------------------------------------------------------------------------------------------,待人工签认,
1034,拥有费别分类的金额汇总。 +------------------------------------------------------------------------------------------------------------------------------------------------------------------------------------------,功能等效,科室组织树/菜单树/数据元分类
1041,能够按床号号或就诊号进行高效快速检索病人。 +-----------------------------------------------------------------------------------------------------------------+,功能等效,患者/在院/结算多入口关键字检索
1042,能够简卡和明细卡另种显示方式。 +-----------------------------------------------------------------------------------------------------------------+,待人工签认,
1056,费用管控。 +-----------------------------------------------------------------------------------------------------------------+,待人工签认,
1062,+-------------------------------+-----------------------------------------------------------------------------------------------------------------------------------------------------------------------,格式行(非参数),doc 转换产生的表格分隔残渣，不计入参数
1066,借助树形结构清晰展示了全部元素库信息的分类，和元素库信息之间的关系等。 +-------------------------------------------------------------------------------------------------------------------------------------------------------------------,功能等效,科室组织树/菜单树/数据元分类
1067,实现了对元素库信息的具体详情内容的预先查阅，和对元素库信息的基础信息实施编辑、给指定的元素库增加子类元素库等能力。 +---------------------------------------------------------------------------------------------------------------------------------------------,待人工签认,
1070,借助树形结构清晰展示了全部数据源信息的分类，和数据源的其他属性等。 +---------------------------------------------------------------------------------------------------------------------------------------------------------------------,功能等效,科室组织树/菜单树/数据元分类
1071,实现了对数据源信息的具体详情内容的预先查阅，和对数据源信息的基础信息实施编辑、给指定的数据源增加子类数据源等能力。 +---------------------------------------------------------------------------------------------------------------------------------------------,待人工签认,
1072,借助分页表格展示了系统应用到的参数，能够依据参数编码和参数名称检索，能够对参数值实施编辑。 +---------------------------------------------------------------------------------------------------------------------------------------------------------,部分符合,对应模块查询统计能力已实现，界面细节逐条比对
1076,兼容文档修改，字符、段落属性配置，页面版式配置，页眉页脚配置，兼容特殊符号，兼容图文结合性输入，兼容矢量图形绘制和表格。 +------------------------------------------------------------------------------------------------------------------------------------------,部分符合,对应模块维护能力已实现（字典/参数/规则），细节逐条比对
1091,支持特殊符号、医学图库、医学表达式的快速引用，包括但不限于：①龋齿、②月经史、③牙科、④眼科专用医学专用公式。并且兼容常用的专用符号，符号兼容个性化设置。 > （投标人提供相关软件界面截图，并加盖投标人公章） +----------------------------------------------------------------------------------------------,部分符合,对应模块维护能力已实现（字典/参数/规则），细节逐条比对
1125,在门诊配药模式上，系统支持两种方式：一种是不纳入系统严格流程管理的简易配药模式，另一种是纳入系统全流程管理的规范化配药模式。 +----------------------------------------------------------------------------------------------------------------------------------------,待人工签认,
1126,在配药流程中，系统支持配药核对功能。即配药人员完成药品配置后，需要经过核对环节确认无误，才算配药工作真正完成。 +-----------------------------------------------------------------------------------------------------------------------------------------------,功能等效,审方工作台/医技执行核对/对账体系
1168,系统支持自定义每月的月结日期。首次月结基于初始化建账的日期，之后每个月的月结周期则从上一次月结的终止时间开始计算。 +---------------------------------------------------------------------------------------------------------------------------------------------,待人工签认,
1169,系统提供了取消月结的功能，但为确保数据连续性，取消操作必须从最后一个已月结的月份开始，逐月向前进行，不允许跨月取消。 +--------------------------------------------------------------------------------------------------------------------------------------------,待人工签认,
1172,+-------------------------------+-----------------------------------------------------------------------------------------------------------------------------------------------------------------------,格式行(非参数),doc 转换产生的表格分隔残渣，不计入参数
1188,支持特殊医学符号、表达式及医学矢量图标注。 +----------------------------------------------------------------------------------------+,待人工签认,
1199,可预设药品默认剂量、频次、用法。 +----------------------------------------------------------------------------------------+,待人工签认,
1227,可按计费时间、类型检索病人费用明细。 +----------------------------------------------------------------------------------------+,部分符合,对应模块查询统计能力已实现，界面细节逐条比对
1240,支持续打、按页打等多种模式。 +----------------------------------------------------------------------------------------+,待人工签认,
1297,借助树形结构清晰展示了全部元素库信息的分类，和元素库信息之间的关系等。 +-------------------------------------------------------------------------------------------------------------------------------------------------------------------,功能等效,科室组织树/菜单树/数据元分类
1298,实现了对元素库信息的具体详情内容的预先查阅，和对元素库信息的基础信息实施编辑、给指定的元素库增加子类元素库等能力。 +---------------------------------------------------------------------------------------------------------------------------------------------,待人工签认,
1301,借助树形结构清晰展示了全部数据源信息的分类，和数据源的其他属性等。 +---------------------------------------------------------------------------------------------------------------------------------------------------------------------,功能等效,科室组织树/菜单树/数据元分类
1302,实现了对数据源信息的具体详情内容的预先查阅，和对数据源信息的基础信息实施编辑、给指定的数据源增加子类数据源等能力。 +---------------------------------------------------------------------------------------------------------------------------------------------,待人工签认,
1303,借助分页表格展示了系统应用到的参数，能够依据参数编码和参数名称检索，能够对参数值实施编辑。 +---------------------------------------------------------------------------------------------------------------------------------------------------------,部分符合,对应模块查询统计能力已实现，界面细节逐条比对
1308,给予常用的结构化元素库，兼容结构化录入与自由化录入相融合。 +-------------------------------------------------------------------------------------------------------------------------------------------------------------------------,部分符合,对应业务登记能力已实现，字段级差异逐条比对
1309,兼容文档修改，字符、段落属性配置，页面版式配置，页眉页脚配置，兼容特殊符号，兼容图文结合性输入，兼容矢量图形绘制和表格。 +------------------------------------------------------------------------------------------------------------------------------------------,部分符合,对应模块维护能力已实现（字典/参数/规则），细节逐条比对
1328,兼容医疗专业表达式、专用符号：兼容特定医疗专业表达式录入，如：龋齿、月经史、牙科、眼科专用等医学专用公式，并且兼容常用的专用符号，符号兼容个性化设置。 +---------------------------------------------------------------------------------------------------------------------------,部分符合,对应模块维护能力已实现（字典/参数/规则），细节逐条比对
1346,系统提供缺药替换功能。当某种药品缺货或被禁用时，允许使用具有相同规格但生产厂家不同的同种药品进行替换，以保证临床用药不中断。 +----------------------------------------------------------------------------------------------------------------------------------------,待人工签认,
1389,系统支持自定义每月的月结日期。首次月结基于初始化建账的日期，之后每个月的月结周期则从上一次月结的终止时间开始计算。 +---------------------------------------------------------------------------------------------------------------------------------------------,待人工签认,
1390,系统提供了取消月结的功能，但为确保数据连续性，取消操作必须从最后一个已月结的月份开始，逐月向前进行，不允许跨月取消。 +--------------------------------------------------------------------------------------------------------------------------------------------,待人工签认,
1392,系统全面支持对药品的批次管理，能够追踪每一批次的药品流向。 +-------------------------------------------------------------------------------------------------------------------------------------------------------------------------,待人工签认,
1402,支持依据医院现有器械包规格及包内器械配置，灵活创建电子器械包，简化护士添加器械包及包内器械的操作流程，大幅提升器械录入效率。 +----------------------------------------------------------------------------------------------------------------------------------------,部分符合,对应模块维护能力已实现（字典/参数/规则），细节逐条比对
1406,可按照行业标准格式自动生成器械清点记录单，同时支持根据医院实际管理需求，定制化调整记录单格式，适配院内器械管理规范。 +--------------------------------------------------------------------------------------------------------------------------------------------,待人工签认,
1411,可按照行业通用标准格式自动生成安全核查记录单，同时支持结合医院实际管理规范，定制化调整记录单的内容与格式，全面适配院内安全核查工作需求。 +----------------------------------------------------------------------------------------------------------------------------------,待人工签认,
1454,+-------------------------------+-----------------------------------------------------------------------------------------------------------------------------------------------------------------------,格式行(非参数),doc 转换产生的表格分隔残渣，不计入参数
1726,支持系统日志追踪功能，详尽记录操作事件、响应时间及终端IP等底层运行数据。 +------------------------------------------------------------------------------------------------------------+,功能等效,审计日志（IP/状态码）+慢接口观测
1749,具有自动编号规则功能。规则维护修改。 +------------------------------------------------------------------------------------------------------------------------------------------------------------------------------------,部分符合,各单据号已规则化生成（SJ/CF/ZY/CY/BH…），规则可视化维护为深度项
1754,具备手工录入病人基本信息。 +-----------------------------------------------------------------------------------------------------------------------------------------------------------------------------------------,部分符合,对应业务登记能力已实现，字段级差异逐条比对
1757,支持手工项目的数据录入，手工输入登记信息。 +---------------------------------------------------------------------------------------------------------------------------------------------------------------------------------,部分符合,对应业务登记能力已实现，字段级差异逐条比对
1759,具备对比审核、阈值自动审核功能。 +--------------------------------------------------------------------------------------------------------------------------------------------------------------------------------------,待人工签认,
1760,支持阈值自动审核机制。 +-------------------------------------------------------------------------------------------------------------------------------------------------------------------------------------------,待人工签认,
1763,支持项目质控的确定。 +--------------------------------------------------------------------------------------------------------------------------------------------------------------------------------------------,待人工签认,
1766,支持智能审核历史结果分析。 +-----------------------------------------------------------------------------------------------------------------------------------------------------------------------------------------,待人工签认,
1802,+-------------------------------+-----------------------------------------------------------------------------------------------------------------------------------------------------------------------,格式行(非参数),doc 转换产生的表格分隔残渣，不计入参数
1809,支持配血方法维护，用于交叉配血时选择配血方法。 +-------------------------------------------------------------------------------------------------------------------------------------------------------------------------------,部分符合,对应模块维护能力已实现（字典/参数/规则），细节逐条比对
1814,支持处置方案维护，用于在填写不良反应申请单选择处置方案的维护。 +-----------------------------------------------------------------------------------------------------------------------------------------------------------------------,部分符合,对应模块维护能力已实现（字典/参数/规则），细节逐条比对
1822,支持对接收的申请单进行备血操作，和对已经备血的申请单进行状态跟踪和查询管理。 +----------------------------------------------------------------------------------------------------------------------------------------------------------------,部分符合,对应模块查询统计能力已实现，界面细节逐条比对
1841,支持与血站进行对接、支持采购订单、对接血站实现采购订单，订购血制品。 +--------------------------------------------------------------------------------------------------------------------------------------------------------------------,功能等效,采购单据链（备货/验收/退货，pur_doc）+ 物资进销存
1860,支持会申请单时效控制。 +----------------------------------------------------------------------------+,待人工签认,
1880,套餐维护可将同类项目均维护至一个套餐，项目及套餐均支持单选折扣维护；项目开单时系统根据客户所提供相关信息自动过滤掉不符情况的项目，避免开单错误；开单时支持单项或多项赠送（不计费）。 +------------------------------------------------------------------------------------------------------------,待人工签认,收费折扣模式未实现（公立定价场景弱需求，建议试点反馈决定）
1894,支持维护在修改客户相关记录时原因类型功能。 +---------------------------------------------------------------------------------------------------------------------------------------------------------------------------------,功能等效,审计日志全量留痕写操作+敏感操作过滤
1897,在客户选项时可根据客户实际情况进行相关判断及提示。 +-----------------------------------------------------------------------------------------------------------------------------------------------------------------------------,部分符合,各类业务提醒已广泛实现，具体场景逐条比对
1902,支持现场拍照及相关录入设备调用。 +--------------------------------------------------------------------------------------------------------------------------------------------------------------------------------------,归配套产品,外设采集属设备配套（图像以档案名登记制留痕）
1906,支持多屏显示，便于客户确认自己的相关基本信息；同时方便客户问卷调查。 +--------------------------------------------------------------------------------------------------------------------------------------------------------------------,待人工签认,
1907,登记开单处支持单项或多项赠送（取消计费）功能，同时保留相关记录，可供查询。 +-----------------------------------------------------------------------------------------------------------------------------------------------------------------,部分符合,对应模块查询统计能力已实现，界面细节逐条比对
1908,系统提供折扣比、折扣金额（抹零）、上浮金额、实收定价等多种折扣模式。 +--------------------------------------------------------------------------------------------------------------------------------------------------------------------,待人工签认,收费折扣模式未实现（公立定价场景弱需求，建议试点反馈决定）
1911,可通过复制功能将其他同类型或同意图客户的项目及套餐内容复制至当前客户进行快速开单。 +-------------------------------------------------------------------------------------------------------------------------------------------------------------,部分符合,临床路径批量开嘱/体检套餐即模板化开单，跨客户复制为易用性深度
1921,可根据参数设置开单人员在开单时是否强制限制。 +--------------------------------------------------------------------------------------------------------------------------------------------------------------------------------,部分符合,对应模块维护能力已实现（字典/参数/规则），细节逐条比对
1938,可配置项目是否进入到最终结果显示中。 +------------------------------------------------------------------------------------------------------------------------------------------------------------------------------------,部分符合,对应模块维护能力已实现（字典/参数/规则），细节逐条比对
1941,根据参数配置，项目不在指定范围内自动标识为异常。 +------------------------------------------------------------------------------------------------------------------------------------------------------------------------------,功能等效,质控规则/CDSS/审核提醒均为参数化规则自动标识
1942,根据参数配置，修改项目结果时是否自动记录为异常。 +------------------------------------------------------------------------------------------------------------------------------------------------------------------------------,功能等效,质控规则/CDSS/审核提醒均为参数化规则自动标识
1943,可根据参数配置项目进行分项单独小结或多项汇总合并小结。 +---------------------------------------------------------------------------------------------------------------------------------------------------------------------------,功能等效,质控规则/CDSS/审核提醒均为参数化规则自动标识
1945,系统根据维护情况及重要程度生成排序，总检医师也可手动调整。 +-------------------------------------------------------------------------------------------------------------------------------------------------------------------------,部分符合,对应模块维护能力已实现（字典/参数/规则），细节逐条比对
1953,根据操作员使用情况提供记忆功能，操作员常用结论词排于前方。 +-------------------------------------------------------------------------------------------------------------------------------------------------------------------------,待人工签认,
1966,支持配置多流程复审机制。 +------------------------------------------------------------------------------------------------------------------------------------------------------------------------------------------,部分符合,对应模块维护能力已实现（字典/参数/规则），细节逐条比对
1979,用于外联人员出外勤时相关工作记录，提供查询及检索功能，便于工作量体现。 +-------------------------------------------------------------------------------------------------------------------------------------------------------------------,功能等效,科室工作量统计（日结/病案统计/科室 CMI）
1987,可查看客户当前所处环节及各环节情况。 +------------------------------------------------------------------------------------------------------------------------------------------------------------------------------------,待人工签认,
1988,可对客户项目进行弃检、反弃检等。 +--------------------------------------------------------------------------------------------------------------------------------------------------------------------------------------,待人工签认,
1989,可修改客户业务信息及基本资料（均会保存修改原因及时间、操作员等）。 +---------------------------------------------------------------------------------------------------------------------------------------------------------------------,功能等效,审计日志全量留痕写操作+敏感操作过滤
2040,医生工号发生变化时，可在手机上修改绑定的工号。 +-------------------------------------------------------------------------------------------------------------------------------------------------------------------------------,待人工签认,
2041,+-------------------------------+-----------------------------------------------------------------------------------------------------------------------------------------------------------------------,格式行(非参数),doc 转换产生的表格分隔残渣，不计入参数
2048,输入床号查询病人信息，进行换床操作。 +------------------------------------------------------------------------------------------------------------------------------------------------------------------------------------,功能等效,住院转科含原子换床（inp_transfer_log）
2055,具备配液管理功能，包括配药、审核及撤销模块。 +--------------------------------------------------------------------------------------------------------------------------------------------------------------------------------,功能等效,订单作废/退费/单据作废还原链路
2056,支持通过扫描药瓶条码的方式进行配药管理。 +----------------------------------------------------------------------------------------------------------------------------------------------------------------------------------,待人工签认,
2067,支持每日清单查看，检索当前病人某一日的医疗费用情况，也能够选择日期检索。 +------------------------------------------------------------------------------------------------------------------------------------------------------------------,部分符合,对应模块查询统计能力已实现，界面细节逐条比对
2072,支持对病人进行三测数据、血糖血压、出入量的记录与管理。直接与HIS对接，无需再像传统一样先记录在纸上再誊抄至HIS系统。智能识别当前系统时间，进行三测数据录入时无需手动选择。数切换查看数据。 +-------------------------------------------------------------------------------------------------------,部分符合,对应业务登记能力已实现，字段级差异逐条比对
2076,通过扫描配送单二维码获取药品配送信息，进行接收操作。支持扫描配送单号或者药品条码号。 +------------------------------------------------------------------------------------------------------------------------------------------------------------,待人工签认,
2079,+-------------------------------+-----------------------------------------------------------------------------------------------------------------------------------------------------------------------,格式行(非参数),doc 转换产生的表格分隔残渣，不计入参数
2146,服务系统软件支持在Windows和Linux操作系统上稳定运行，兼容主流服务器操作系统环境，满足医院不同IT基础设施的部署需求；支持远程技术维护，方便技术人员及时解决系统运行问题。 +------------------------------------------------------------------------------------------------------------,部分符合,对应模块维护能力已实现（字典/参数/规则），细节逐条比对
2164,服务系统支持远程技术维护，方便技术人员通过网络远程连接系统进行故障排查和维护操作，减少现场维护成本和时间；提供完整的系统运行日志记录。 +-----------------------------------------------------------------------------------------------------------------------------------,部分符合,对应模块维护能力已实现（字典/参数/规则），细节逐条比对
2180,+-------------------------------+-----------------------------------------------------------------------------------------------------------------------------------------------------------------------,格式行(非参数),doc 转换产生的表格分隔残渣，不计入参数
2210,支持静态图像上下翻转、左右翻转、放大、缩小、裁剪编辑功能；支持静态图像角度、直线、箭头、圆、矩形、多边形和文字等批注工具。 +-----------------------------------------------------------------------------------------------------------------------------------------,待人工签认,
2240,+-------------------------------+-----------------------------------------------------------------------------------------------------------------------------------------------------------------------,格式行(非参数),doc 转换产生的表格分隔残渣，不计入参数
2270,支持静态图像上下翻转、左右翻转、放大、缩小、裁剪编辑功能；支持静态图像角度、直线、箭头、圆、矩形、多边形和文字等批注工具。 +-----------------------------------------------------------------------------------------------------------------------------------------,待人工签认,
2301,+-------------------------------+-----------------------------------------------------------------------------------------------------------------------------------------------------------------------,格式行(非参数),doc 转换产生的表格分隔残渣，不计入参数
2302,支持出诊任务登记，包含出诊车辆、医护人员、司机、护工、急救包等信息。 +------------------------------------------------------------------------------+ （2）出诊任务 +---------------------------------------------------------------------------,部分符合,对应业务登记能力已实现，字段级差异逐条比对
2303,支持出诊记录查看调阅，查看待出诊列表信息。 +------------------------------------------------------------------------------+,待人工签认,
2305,支持查看出诊地图轨迹，查看出诊路线。 +------------------------------------------------------------------------------+,待人工签认,
2311,支持点选、文字等记录出诊过程中的急救措施和急救操作等。 +------------------------------------------------------------------------------+,待人工签认,
2312,支持录入出诊过程中的其他操作等。 +------------------------------------------------------------------------------+,部分符合,对应业务登记能力已实现，字段级差异逐条比对
2321,+-------------------------------+-----------------------------------------------------------------------------------------------------------------------------------------------------------------------,格式行(非参数),doc 转换产生的表格分隔残渣，不计入参数
2336,支持特殊病种（绿色通道）的标识，并可根据需求自定义。 +------------------------------------------------------------------------------------------------------------------------------------------------------------------+,待人工签认,
2345,支持快速添加或移除群体时间标记。 +------------------------------------------------------------------------------------------------------------------------------------------------------------------+,待人工签认,
2349,支持接收院前出诊信息，快速查看院前信息。 +------------------------------------------------------------------------------------------------------------------------------------------------------------------+,待人工签认,
2352,+-------------------------------+-----------------------------------------------------------------------------------------------------------------------------------------------------------------------,格式行(非参数),doc 转换产生的表格分隔残渣，不计入参数
2388,+-------------------------------+-----------------------------------------------------------------------------------------------------------------------------------------------------------------------,格式行(非参数),doc 转换产生的表格分隔残渣，不计入参数
2392,支持多种特殊情况筛选分类。 +--------------------------------------------------------------------------------------------+,功能等效,科室组织树/菜单树/数据元分类
2410,根据授权书写、编辑医疗文书。 +--------------------------------------------------------------------------------------------+,待人工签认,
2411,支持快速创建医疗文书，支持历史文书调阅编辑。 +--------------------------------------------------------------------------------------------+,待人工签认,
2416,支持区分已核对和未核对状态。 +--------------------------------------------------------------------------------------------+,功能等效,审方工作台/医技执行核对/对账体系
2420,支持手动新增费用登记。 +--------------------------------------------------------------------------------------------+,部分符合,对应业务登记能力已实现，字段级差异逐条比对
2428,支持各个时间节点血糖信息录入。 +--------------------------------------------------------------------------------------------+,部分符合,对应业务登记能力已实现，字段级差异逐条比对
2430,支持出入量小结、总结信息录入，自动汇总小结总量。 +--------------------------------------------------------------------------------------------+,部分符合,对应业务登记能力已实现，字段级差异逐条比对
2434,支持批量转归，记录转归去向等信息。 +--------------------------------------------------------------------------------------------+,待人工签认,
2436,+-------------------------------+-----------------------------------------------------------------------------------------------------------------------------------------------------------------------,格式行(非参数),doc 转换产生的表格分隔残渣，不计入参数
2440,通过树结构直观展现了全部元素库数据的分类，以及元素库数据之间的关系等等。,功能等效,科室组织树/菜单树/数据元分类
2444,通过树结构直观展现了全部数据源数据的分类，以及数据源的其他属性等等。,功能等效,科室组织树/菜单树/数据元分类
2445,实现了对数据源数据的详细信息的预览，以及对数据源数据的基本信息进行修改、给指定的数据源新增子类数据源等功能。 （6）参数管理,待人工签认,
2467,支持医学表达式、特殊符号：支持特定医学表达式录入，如：龋齿、月经史、牙科、眼科专用等医学专用公式，同时支持常用的特殊符号，符号支持自定义。,部分符合,对应业务登记能力已实现，字段级差异逐条比对
2486,实施智能摘要高亮技术，在结果列表中截取包含命中文本的片段，并对关键词进行醒目标红处理，提升阅读效率。 +------------------------------------------------------------------------------------------------------------+,待人工签认,
2488,构建基于时间维度的分布直方图，动态展示不同时间段内的检索结果数量，支持点击穿透至具体列表。 +------------------------------------------------------------------------------------------------------------+,部分符合,界面易用性细节：检索/分页已实现，列自定义为前端深度
2489,高级逻辑组合查询。 +------------------------------------------------------------------------------------------------------------+,部分符合,对应模块查询统计能力已实现，界面细节逐条比对
2491,"支持""逻辑与（AND）""多词组合查询，通过逗号分隔多个关键词，仅返回同时包含所有指定词汇的记录。 +------------------------------------------------------------------------------------------------------------+",部分符合,对应模块查询统计能力已实现，界面细节逐条比对
2493,"引入""逻辑非（NOT）""排除机制，允许设定负向关键词过滤条件，精准剔除无关干扰数据。 +------------------------------------------------------------------------------------------------------------+",待人工签认,
2494,支持底层文件格式定向筛选，可专门针对XML结构化数据或HTML富文本格式进行独立检索。 +------------------------------------------------------------------------------------------------------------+,部分符合,对应模块查询统计能力已实现，界面细节逐条比对
2497,热门检索。 +------------------------------------------------------------------------------------------------------------+,部分符合,对应模块查询统计能力已实现，界面细节逐条比对
2498,打造动态热门搜索榜单，实时展示高频检索条目，支持点击直接跳转至对应结果集。 +------------------------------------------------------------------------------------------------------------+,部分符合,对应模块查询统计能力已实现，界面细节逐条比对
2500,检索历史。 +------------------------------------------------------------------------------------------------------------+,部分符合,对应模块查询统计能力已实现，界面细节逐条比对
2501,自动构建个人检索足迹档案，以列表形式完整保留历史查询记录，支持一键复现过往场景。 +------------------------------------------------------------------------------------------------------------+,部分符合,界面易用性细节：检索/分页已实现，列自定义为前端深度
2504,相关性检索。 +------------------------------------------------------------------------------------------------------------+,部分符合,对应模块查询统计能力已实现，界面细节逐条比对
2506,实现推荐词即搜即用功能，点击关联推荐词即可直接触发检索并加载结果列表，缩短操作路径。 +------------------------------------------------------------------------------------------------------------+ +-------------------------------+-------------,部分符合,对应模块查询统计能力已实现，界面细节逐条比对
2523,大体取材工作站。 +---------------------------------------------------------------------------------------------------------------------------------------------------------+,待人工签认,
2524,支持通过摄像头或数码相机实时采集取材巨检图片，并能够直接导入系统进行图像管理。 +---------------------------------------------------------------------------------------------------------------------------------------------------------+,归配套产品,外设采集属设备配套（图像以档案名登记制留痕）
2530,支持文字化记录完整的取材过程信息，确保描述内容的结构化存储与调阅。 +---------------------------------------------------------------------------------------------------------------------------------------------------------+,功能等效,病理标本 gross_finding/micro_finding 结构化存储
2535,支持包埋质量的多选批量评价，提升前处理阶段质控数据的录入效率。 +---------------------------------------------------------------------------------------------------------------------------------------------------------+ 制片工作站 +-----,部分符合,对应业务登记能力已实现，字段级差异逐条比对
2536,支持按制片状态对切片进行分类检索与汇总查看，直观呈现切片任务的实时积压与完成现状。 +---------------------------------------------------------------------------------------------------------------------------------------------------------+,功能等效,科室组织树/菜单树/数据元分类
2584,+-------------------------------+-----------------------------------------------------------------------------------------------------------------------------------------------------------------------,格式行(非参数),doc 转换产生的表格分隔残渣，不计入参数
2593,能够申请单项目数据资料进行核对。 +--------------------------------------------------------------------------------------------------------------------------------------------------------------------------------------,功能等效,审方工作台/医技执行核对/对账体系
2604,+-------------------------------+-----------------------------------------------------------------------------------------------------------------------------------------------------------------------,格式行(非参数),doc 转换产生的表格分隔残渣，不计入参数
2608,能够时限项目、时限内容等的设置。 +-------------------------------------------------------------------------------------------------------------------------------+,部分符合,对应模块维护能力已实现（字典/参数/规则），细节逐条比对
2631,能够建立与管理随机抽样样本。 +-------------------------------------------------------------------------------------------------------------------------------+,待人工签认,
2633,能够对抽样样本条件进行自定义设置。 +-------------------------------------------------------------------------------------------------------------------------------+,部分符合,对应模块维护能力已实现（字典/参数/规则），细节逐条比对
2654,+-------------------------------+-----------------------------------------------------------------------------------------------------------------------------------------------------------------------,格式行(非参数),doc 转换产生的表格分隔残渣，不计入参数
2657,首页保存时自动校验，对必填项与错误数据进行提示。 +----------------------------------------------------------------------+,部分符合,病案首页/表单必填校验前端已有基础，规则化质控为深度项
2662,支持自定义筛选条件进行高级检索。 +----------------------------------------------------------------------+,部分符合,对应模块查询统计能力已实现，界面细节逐条比对
2664,支持自定义编辑检索结果显示列。 +----------------------------------------------------------------------+,部分符合,界面易用性细节：检索/分页已实现，列自定义为前端深度
2666,支持逻辑性、合理性、国家直报标准等多类型校验。 +----------------------------------------------------------------------+,待人工签认,
2685,支持迟交登记。 +----------------------------------------------------------------------+,部分符合,对应业务登记能力已实现，字段级差异逐条比对
2693,支持复印记录检索。 +----------------------------------------------------------------------+,待人工签认,病案复印登记未实现（小型扩展候选）
2697,支持页数金额设置。 +----------------------------------------------------------------------+,部分符合,打印数据集已实现，套打格式为实施期配置
2698,支持复印类别设置。 +----------------------------------------------------------------------+,部分符合,对应模块维护能力已实现（字典/参数/规则），细节逐条比对
2699,支持订单管理。 +----------------------------------------------------------------------+,待人工签认,
2709,支持诊疗时间轴视图，可视化展示全流程诊疗信息。 +----------------------------------------------------------------------+ 工作日报 +----------------------------------------------------------------------+,部分符合,班次类型字典已有，节假日历为字典扩展
2711,支持门诊工作日报生成。 +----------------------------------------------------------------------+,部分符合,班次类型字典已有，节假日历为字典扩展
2729,支持数据自动校验与后台映射转换，不影响院内规则。 +----------------------------------------------------------------------+,待人工签认,
2731,支持分院数据独立处理与总院汇总。 +----------------------------------------------------------------------+,待人工签认,
2735,支持随机抽样评审，自动计算评审比例。 +----------------------------------------------------------------------+,待人工签认,
2739,支持系统基础数据、标准编码字典维护。 +----------------------------------------------------------------------+,功能等效,ICD/药品/收费项目主数据 + 数据元/术语管理
2741,支持节假日、工作日自动获取与自定义。 +----------------------------------------------------------------------+,部分符合,班次类型字典已有，节假日历为字典扩展
2745,支持设置定时任务、查看定时任务。 +----------------------------------------------------------------------+,部分符合,对应模块维护能力已实现（字典/参数/规则），细节逐条比对
2749,+-------------------------------+-----------------------------------------------------------------------------------------------------------------------------------------------------------------------,格式行(非参数),doc 转换产生的表格分隔残渣，不计入参数
2751,系统支持在采购计划执行完毕后，根据计划内容，便捷地按照不同的供货商分别生成对应的采购订单。 +---------------------------------------------------------------------------------------------------------------------------------------------------------,功能等效,采购单据链（备货/验收/退货，pur_doc）+ 物资进销存
2752,为满足国家相关管理规定，系统具备与药品集中采购平台对接的能力，支持将生成的采购订单数据线上传至指定的供应链平台。 +----------------------------------------------------------------------------------------------------------------------------------------------,功能等效,采购单据链（备货/验收/退货，pur_doc）+ 物资进销存
2769,系统提供了采购完成后的付款管理功能，支持对同一家供货商名下的所有应付单据进行集中查询与付款操作。 +------------------------------------------------------------------------------------------------------------------------------------------------------,部分符合,对应模块查询统计能力已实现，界面细节逐条比对
2772,系统提供丰富的账款查询与分析功能，包括查询已付款和未付款的单据明细，以及进行应付账款的账面分析，为资金管理提供数据支持。 +------------------------------------------------------------------------------------------------------------------------------------------,部分符合,对应模块查询统计能力已实现，界面细节逐条比对
2791,系统提供了取消月结的功能，但为确保数据连续性，取消操作必须从最后一个已月结的月份开始，逐月向前进行，不允许跨月取消。 +--------------------------------------------------------------------------------------------------------------------------------------------,待人工签认,
2795,生产企业信息管理：此模块专门用于管理与医院有业务往来的所有生产企业的详细信息，包括但不限于生产企业的名称、资质、联系方式。 +-----------------------------------------------------------------------------------------------------------------------------------------,待人工签认,
2796,+-------------------------------+-----------------------------------------------------------------------------------------------------------------------------------------------------------------------,格式行(非参数),doc 转换产生的表格分隔残渣，不计入参数
2805,+-------------------------------+-----------------------------------------------------------------------------------------------------------------------------------------------------------------------,格式行(非参数),doc 转换产生的表格分隔残渣，不计入参数
2829,+-------------------------------+-----------------------------------------------------------------------------------------------------------------------------------------------------------------------,格式行(非参数),doc 转换产生的表格分隔残渣，不计入参数
2847,能够进行mp4格式文件的多媒体展示，能够进行全屏、循环播放。 +------------------------------------------------------------------------------------------------------------------------------------------------------------------------,归配套产品,信息发布屏软件参数
2848,+-------------------------------+-----------------------------------------------------------------------------------------------------------------------------------------------------------------------,格式行(非参数),doc 转换产生的表格分隔残渣，不计入参数
2850,支持预警结果处能直接显示预警原因。,待人工签认,
2851,支持预置丰富专业预警策略；,待人工签认,
2853,支持自定义预警策略，各条件可自由组合。至少包含以下条件：,待人工签认,
2858,送检项目以及检出病原体；,待人工签认,
2859,抗生素以及持续使用抗生素X天以上；,待人工签认,
2871,支持自定义趋势条件，各条件可任意组合。,待人工签认,
2875,支持主动提示疑似暴发信息。,功能等效,危急值/CDSS/到期预警/术后发热监测多类主动提醒
2876,支持主动提示多重耐药检出信息。,功能等效,危急值/CDSS/到期预警/术后发热监测多类主动提醒
2877,支持主动提示智能预警病人信息。,功能等效,危急值/CDSS/到期预警/术后发热监测多类主动提醒
2880,支持主动提示干预信息。,功能等效,危急值/CDSS/到期预警/术后发热监测多类主动提醒
2881,支持主动提示重点关注病人信息。,功能等效,危急值/CDSS/到期预警/术后发热监测多类主动提醒
2883,支持主动提示需职业暴露回访信息。,功能等效,危急值/CDSS/到期预警/术后发热监测多类主动提醒
2902,支持确认后的感染病例可查询，修改。,部分符合,对应模块查询统计能力已实现，界面细节逐条比对
2919,对于医院现有系统不支持的监测内容，能够通过手工补充内容。,待人工签认,
2920,支持前瞻性监测，能对感染过程进行追踪、监测。,待人工签认,
2945,支持生成高危新生儿日志，针对新生儿特殊性，数据均以体重分类。,功能等效,科室组织树/菜单树/数据元分类
2949,支持生成MDR、XDR、PDR各种耐药类型。,待人工签认,
2950,支持ESBL+监测。,待人工签认,
2953,支持提供多重耐药病人督导表。,待人工签认,
2967,支持将抗生素以及持续使用抗生素作为智能预警的条件。,功能等效,危急值/CDSS/到期预警/术后发热监测多类主动提醒
3002,支持手卫生依从性监测录入。,部分符合,对应业务登记能力已实现，字段级差异逐条比对
3003,支持手卫生正确性监测录入。,部分符合,对应业务登记能力已实现，字段级差异逐条比对
3010,支持对比手消用品领用情况。,待人工签认,
3015,支持横断面调查方法执行登记表。,部分符合,对应业务登记能力已实现，字段级差异逐条比对
3034,支持法律法规、操作规范等学习内容发布。,待人工签认,
3048,支持生成多重耐药菌感染发现率。,待人工签认,
3049,支持生成多重耐药菌感染检出率。,待人工签认,
3051,支持生成医务人员手卫生依从率。,待人工签认,
3059,支持生成导尿管相关泌尿系统感染发病千分率。,待人工签认,
3060,支持生成血液透析相关血流感染发病率。,待人工签认,
3070,支持医院风险因素评估。,待人工签认,
3073,支持模版自定义。,待人工签认,
3075,支持发送通知通过到临床医生端。,待人工签认,
3085,支持有独立的部署程序和服务。,待人工签认,
3086,支持批量导入。,待人工签认,
3087,支持定时自动执行也支持手工运行。,待人工签认,
3089,支持数据提取有详细日志，出错记录提示等。,功能等效,集成消息日志（成功/失败/错误原因）+ ADAPTER 通道留痕
3090,支持多种数据库，如ORACLE、SQL SERVER、DB2、CACHE、等主流数据库。,部分符合,平台采用 PostgreSQL，JPA/JDBC 层具备主流库可迁移性（技术路线说明响应）
3091,支持数据提取支持多种系统来源。,待人工签认,
3095,支持病房工作日志。,部分符合,班次类型字典已有，节假日历为字典扩展
3102,支持病人病程记录。,功能等效,住院病历/病程（inp_medical_record）+ 移动查房
3105,支持多种开发语言，有DELPHI、PB、C#、JAVA、PHP等常用开发语言的实例，调用简单。,归配套产品,多语言调用示例属平台 SDK 文档，本平台提供标准 REST/HL7
3106,支持C/S、B/S架构；调用方式灵活。,待人工签认,
3114,支持独立运行，有无医生工作站均可。,待人工签认,
3116,支持提供C/S、B/S两种架构的解决方案。,待人工签认,
3120,支持查询病区感染发生情况。 +-------------------------------+---------------------------------------------------------------------------------------------------------------------------------------------------------,部分符合,对应模块查询统计能力已实现，界面细节逐条比对
3134,支持根据项目的不同类型，自动匹配并设置对应的值域方式，减少人工配置工作量，提升配置效率。 +-----------------------------------------------------------------------------------------------------------------------------------------+ （3） 项目引用设定 +---,功能等效,科室工作量统计（日结/病案统计/科室 CMI）
3152,居民死亡医学证明（推断）书。 +-----------------------------------------------------------------------------------------------------------------------------------------+,待人工签认,
3154,+-------------------------------+-----------------------------------------------------------------------------------------------------------------------------------------------------------------------,格式行(非参数),doc 转换产生的表格分隔残渣，不计入参数
3163,支持字段级预设规则，可为特定表项配置自动填充的初始默认值。 +-------------------------------------------------------------------------------------------------------------------------------------------------------------------------,部分符合,对应模块维护能力已实现（字典/参数/规则），细节逐条比对
3164,实现字典数据动态关联，支持将表项与标准码表绑定以规范录入选项。 +-----------------------------------------------------------------------------------------------------------------------------------------------------------------------,部分符合,对应业务登记能力已实现，字段级差异逐条比对
3165,具备外部数据映射能力，支持表项直接对接业务数据库实现实时数据源引用。 +--------------------------------------------------------------------------------------------------------------------------------------------------------------------,待人工签认,
3166,配置精细化校验策略，可灵活设定各字段的必填属性以强化数据完整性约束。 +--------------------------------------------------------------------------------------------------------------------------------------------------------------------,部分符合,对应模块维护能力已实现（字典/参数/规则），细节逐条比对
3182,提供便捷的事件登记入口，支持医护人员快速发起全新的药品不良反应申报流程。 +------------------------------------------------------------------------------------------------------------------------------------------------------------------,部分符合,对应业务登记能力已实现，字段级差异逐条比对
3208,建立申报撤回与纠错机制，针对误判或需重新复核的感染案例，支持在流程终结前执行撤销操作以终止当前任务。 +----------------------------------------------------------------------------------------------------------------------------------------------------,功能等效,订单作废/退费/单据作废还原链路
3215,具备数据生命周期清理能力，支持对无效冗余、重复录入或测试产生的器械事件记录执行移除。 +------------------------------------------------------------------------------------------------------------------------------------------------------------,部分符合,对应业务登记能力已实现，字段级差异逐条比对
3228,具备多人员并发指派能力，支持将复杂事件的调查或处理任务同时分配给多名具体责任人协作完成。 +----------------------------------------------------------------------------------------------------------------------------------------------------------,待人工签认,
3231,构建可配置化的多源数据映射中间件，支持管理员灵活定义数据抓取规则，实现跨系统信息的自动化采集与无缝对接。 +--------------------------------------------------------------------------------------------------------------------------------------------------,部分符合,对应模块维护能力已实现（字典/参数/规则），细节逐条比对
3237,构建事件详情全息视图，聚合原始申报数据、问题根源剖析、针对性改进策略、职能部门处置实录以及后续追踪评价登记，形成完整证据链。 +----------------------------------------------------------------------------------------------------------------------------------------,部分符合,对应业务登记能力已实现，字段级差异逐条比对
3246,部署时间序列趋势分析引擎，按年度、季度及月度颗粒度追踪事件波动规律，识别季节性特征或长期改进效果。 +-----------------------------------------------------------------------------------------------------------------------------------------------------,待人工签认,
3254,+-------------------------------+-----------------------------------------------------------------------------------------------------------------------------------------------------------------------,格式行(非参数),doc 转换产生的表格分隔残渣，不计入参数
3258,通过时间轴查看所有个人档案事件发生情况，通过年份和事件类型进行过滤查看。,待人工签认,
3259,管理维护个人档案基本信息，包含工号、姓名、性别、婚姻、出生日期、手机号码、邮箱地址等内容。,待人工签认,院内邮件未实现（OA 通知可替代，建议按试点反馈决定）
3262,管理职称职务信息，档案显示医务调动后的变动记录，包含调动/任命日期、获得职称与职务名称等信息。,待人工签认,
3265,管理三新记录信息，包含记录项目名称、开始和结束时间、项目单位、项目类型等。,待人工签认,
3266,管理专业学会任职信息，包含任职开始和结束时间、任职团体、任职职务等。,待人工签认,
3268,查看奖惩情况，通过奖惩记录生成的包含奖励和惩罚相关的日期、部门、项目、等级、金额等。,待人工签认,
3273,管理带教记录，包含带教记录开始和结束时间、带教项目、组别、周数、学生来源等。,待人工签认,
3276,档案借阅记录，可以记录医务人员档案借阅情况和归还情况。 <!-- -->,待人工签认,
3279,支持医务管理人员变动和维护医生的职务变动信息。 <!-- -->,部分符合,对应模块维护能力已实现（字典/参数/规则），细节逐条比对
3280,支持医务管理人员变动和维护医生的职称变动信息。 <!-- -->,部分符合,对应模块维护能力已实现（字典/参数/规则），细节逐条比对
3286,支持批量对同一职称的所有医生进行批量授权。 <!-- -->,待人工签认,
3300,项目负责人对即将要开展的新项目新技术进行申请，申请的时候填写项目申请表，系统内置申请表的样式，医院需要提供格式进行调整。 可管理项目申请状态，暂存状态下可修改或者删除申请单。 可查看项目申请情况和审核记录情况。 2) 项目审核 <!-- -->,待人工签认,
3306,支持以进度条的方式跟踪查看项目开展进度。,待人工签认,
3307,支持对项目的转常规和变更操作。,部分符合,单据变更走作废/还原与调整留痕链路
3312,支持通过申请日期、类型、状态查看申请状态。,待人工签认,
3320,支持对投诉记录的调解处理，包含院方代表、调解时间、调解地点、院方法律人员、患方法律人员、调解结果等信息记录。,待人工签认,
3321,支持对调解不成功的记录进行诉讼处理，包含诉讼结果、诉讼时间等信息记录。,待人工签认,
3323,支持对处理结果的记录。,待人工签认,
3335,支持自由选择驳回节点。,待人工签认,
3358,支持考评项目的维护，包含考评项目标准分的维护、考评大类的维护。 <!-- -->,功能等效,质控抽检计划+标准维护（qc_check_plan）
3359,支持个人自评项目的维护，个人考评自评，考评附件的上传。 <!-- -->,功能等效,质控抽检计划+标准维护（qc_check_plan）
3363,支持对应急预案计划和记录的独立管理。,部分符合,制度文件库+OA 流程可承载预案文档与演练记录
3365,支持对已发生的应急预案进行记录。 <!-- -->,部分符合,制度文件库+OA 流程可承载预案文档与演练记录
3366,支持医务科管理和记录所有医生的奖励和惩罚信息并记录到个人医疗技术档案。 <!-- -->,待人工签认,
3382,支持人员基本信息的自我维护，可以启用审核功能，审核后才会生效修改内容。,部分符合,对应模块维护能力已实现（字典/参数/规则），细节逐条比对
3402,支持对每种质量标准进行系列项目的维护。 <!-- -->,功能等效,质控抽检计划+标准维护（qc_check_plan）
3403,支持对全院一、二、三级质量的组织进行维护。 <!-- -->,部分符合,对应模块维护能力已实现（字典/参数/规则），细节逐条比对
3405,支持选择计划的周期生成计划,待人工签认,
3406,"""年""计划时，可以任意选择12个月份中的某一些月份。",待人工签认,
3407,"""月""计划时，可以任意选择一个或者多个月份，然后选择对应的周。",待人工签认,
3408,"""日""计划时，可以任意选择一个或者多个月份，然后选择对应的日期。",待人工签认,
3411,支持质控计划按照计划日期，质控组织筛选已经建立的质控计划，可以通过计划标题和计划状态检索，可以查看计划执行进度。 <!-- -->,部分符合,对应模块查询统计能力已实现，界面细节逐条比对
3423,支持批量进行原因分析，整改时间、整改措施、效果评价。,待人工签认,
3440,支持特色文化建设登记、工休（护患沟通）会议记录、护士长沟通记录的填写。 <!-- -->,部分符合,对应业务登记能力已实现，字段级差异逐条比对
3451,支持公益派单无纸化管理，同时可根据预设条件进行人员推荐。 <!-- -->,待人工签认,
3453,支持对投诉记录的调解处理，包含院方代表、调解时间、调解地点、院方法律人员、患方法律人员、调解结果等信息记录。,待人工签认,
3454,支持对调解不成功的记录进行诉讼处理，包含诉讼结果、诉讼时间等信息记录。,待人工签认,
3456,支持对处理结果的记录。,待人工签认,
3470,能够首页各类发布信息的分类展示，展示内容按照信息的发布时间倒序查询。 +--------------------------------------------------------------------------------------------------------------------------------------------------------------------,功能等效,科室组织树/菜单树/数据元分类
3475,能够按照需要的信息选择并填写论文和期刊的主要内容进行保存。主要填写内容包含期刊类型、题目、第一作者、通讯作者、期刊名称、DOI、附件等资料。 +--------------------------------------------------------------------------------------------------------------------------------,部分符合,科研台账已有，论文字段为表结构扩展
3477,按照需要的信息选择并填写论文和期刊的主要内容进行保存。 +---------------------------------------------------------------------------------------------------------------------------------------------------------------------------,部分符合,科研台账已有，论文字段为表结构扩展
3481,按照需要的信息选择并填写专著的主要内容进行保存。主要填写内容包含专著的图书名称、出版年份、附件、报销情况等。 +------------------------------------------------------------------------------------------------------------------------------------------------,待人工签认,
3491,+-------------------------------+-----------------------------------------------------------------------------------------------------------------------------------------------------------------------,格式行(非参数),doc 转换产生的表格分隔残渣，不计入参数
3496,支持完整记录每一条数据的处理过程，包括操作时间、操作人、操作类型等信息，形成详细的操作日志。 +--------------------------------------------------------------------------------------------------------------------------------------------------------,待人工签认,
3500,系统支持批量审核与多级审核流程，满足不同医院的审核管理需求。 +------------------------------------------------------------------------------------------------------------------------------------------------------------------------,待人工签认,
3510,户还能为每个动作设置对应的应用场景和应用终端（如医生工作站、护士站终端），确保动作定义与实际业务场景紧密贴合。 +-----------------------------------------------------------------------------------------------------------------------------------------------,部分符合,对应模块维护能力已实现（字典/参数/规则），细节逐条比对
3511,疾病动作关联模块实现了疾病类型与已定义动作的深度绑定，构建起完整的疾病全过程管理模型。 +-----------------------------------------------------------------------------------------------------------------------------------------------------------,待人工签认,
3512,根据不同疾病类型的特点，关联相应的动作序列，明确动作在疾病诊疗过程中的参考执行顺序和要求。 +---------------------------------------------------------------------------------------------------------------------------------------------------------,待人工签认,
3513,支持将动作与业务表单进行关联，当执行相关动作时，自动触发业务表单的数据采集，实现数据的实时、准确录入。 +---------------------------------------------------------------------------------------------------------------------------------------------------,部分符合,对应业务登记能力已实现，字段级差异逐条比对
3516,支持业务系统根据病种挂载相应的病种动作，确保各业务环节紧密围绕病种管理要求开展工作。 +------------------------------------------------------------------------------------------------------------------------------------------------------------,待人工签认,
3526,通过分析均次费用与资源消耗的关系，优化医疗资源配置。 +----------------------------------------------------------------------------------------------------------------------------------------------------------------------------,部分符合,对应模块维护能力已实现（字典/参数/规则），细节逐条比对
3529,+-------------------------------+-----------------------------------------------------------------------------------------------------------------------------------------------------------------------,格式行(非参数),doc 转换产生的表格分隔残渣，不计入参数
3530,能够按身份证号进行身份数据资料识别。 +----------------------------------------------------------------------------------------+,待人工签认,
3534,能够对相似度较高的数据资料进行合并。 +----------------------------------------------------------------------------------------+,待人工签认,
3536,能够连接身份证读卡器进行身份证数据资料读取。 +----------------------------------------------------------------------------------------+,待人工签认,
3537,能够卡的新建、注销、启用、停用等行为。 +----------------------------------------------------------------------------------------+,待人工签认,
3538,能够对卡进行挂失，补办等功能。 +----------------------------------------------------------------------------------------+,待人工签认,
3539,能够设置卡的生效日期和实效日期。 +----------------------------------------------------------------------------------------+ 账户管控 +--------------------------------------------------------------------------------------,部分符合,对应模块维护能力已实现（字典/参数/规则），细节逐条比对
3541,能够一个充值账户多人使用。 +----------------------------------------------------------------------------------------+,部分符合,支付/结算闭环已有；门诊预交金账户为小型扩展（试点反馈后决定）
3543,能够浏览卡的交易明细数据资料。 +----------------------------------------------------------------------------------------+,待人工签认,
3544,能够卡账户退现和转账功能。 +----------------------------------------------------------------------------------------+,待人工签认,
3547,能够对黑名单进行取消。 +----------------------------------------------------------------------------------------+ +----------------------------------------------------------------------------------------+,部分符合,登录防爆破锁定已有；预约爽约信用黑名单为小型扩展（试点反馈后决定）
3548,+-------------------------------+-----------------------------------------------------------------------------------------------------------------------------------------------------------------------,格式行(非参数),doc 转换产生的表格分隔残渣，不计入参数
3564,能够常用功能的快捷键行为。 +------------------------------------------------------------------------------------------------------------------------------------------+,待人工签认,
3577,退号能够连续行为，能够退号处理操作。 +------------------------------------------------------------------------------------------------------------------------------------------+,待人工签认,
3584,+-------------------------------+-----------------------------------------------------------------------------------------------------------------------------------------------------------------------,格式行(非参数),doc 转换产生的表格分隔残渣，不计入参数
3609,通过后台功能予以完成，能够自动化结账模式。 +---------------------------------------------------------------------------------------------------------------------------------------------------------------------------------,部分符合,支付/结算闭环已有；门诊预交金账户为小型扩展（试点反馈后决定）
3610,+-------------------------------+-----------------------------------------------------------------------------------------------------------------------------------------------------------------------,格式行(非参数),doc 转换产生的表格分隔残渣，不计入参数
3646,提供病区日报数据的手工录入、编辑、保存与查看功能，实现病区日常运营数据的规范化管理。 +------------------------------------------------------------------------------------------------------------------------------------------------------------,部分符合,对应业务登记能力已实现，字段级差异逐条比对
3648,+-------------------------------+-----------------------------------------------------------------------------------------------------------------------------------------------------------------------,格式行(非参数),doc 转换产生的表格分隔残渣，不计入参数
3675,可手工录入诊疗项目、药品信息并完成费用计费。 +--------------------------------------------------------------------------------------------------------------------------------------------------------------------------------,部分符合,对应业务登记能力已实现，字段级差异逐条比对
3676,支持对已录入的手工计费项目进行移除与撤销。 +---------------------------------------------------------------------------------------------------------------------------------------------------------------------------------,功能等效,订单作废/退费/单据作废还原链路
3693,+-------------------------------+-----------------------------------------------------------------------------------------------------------------------------------------------------------------------,格式行(非参数),doc 转换产生的表格分隔残渣，不计入参数
3707,系统提供诊疗项目维护功能，可管理诊疗项目的基本信息及其他相关属性参数。 +----------------------------------------------------------------------------------------------------------------+,部分符合,对应模块维护能力已实现（字典/参数/规则），细节逐条比对
3709,系统提供诊疗项目价格规则维护功能，可配置诊疗项目的定价策略和计费规则。 +----------------------------------------------------------------------------------------------------------------+,部分符合,对应模块维护能力已实现（字典/参数/规则），细节逐条比对
3710,系统提供诊疗项目包维护功能，支持将多个诊疗项目组合成项目包进行统一管理。 +----------------------------------------------------------------------------------------------------------------+,部分符合,对应模块维护能力已实现（字典/参数/规则），细节逐条比对
3715,系统提供执行单对应途径维护功能，支持设置各类执行单对应的给药途径或执行方式。 +----------------------------------------------------------------------------------------------------------------+ 五、票据管理 +--------------------------------------,部分符合,对应模块维护能力已实现（字典/参数/规则），细节逐条比对
3716,系统具备票据分配、领用、审核等全流程管理功能，支持对票据的使用情况进行跟踪和控制。 +----------------------------------------------------------------------------------------------------------------+,待人工签认,
3726,系统提供医疗项目包查询功能，支持检索和查看各类诊疗项目包的详细信息。 +----------------------------------------------------------------------------------------------------------------+,部分符合,对应模块查询统计能力已实现，界面细节逐条比对
3727,系统提供医疗项目查询功能，可查询各医疗项目的基础信息、价格及使用情况。 +----------------------------------------------------------------------------------------------------------------+,部分符合,对应模块查询统计能力已实现，界面细节逐条比对
3731,+-------------------------------+-----------------------------------------------------------------------------------------------------------------------------------------------------------------------,格式行(非参数),doc 转换产生的表格分隔残渣，不计入参数
3735,档案数据资料管控。 +--------------------------------------------------------------------------------------------------------------------------------------------------------------------------------+,功能等效,HR 员工档案+用户账号双体系
3736,拥有人员创建及档案数据资料管控功能。 +--------------------------------------------------------------------------------------------------------------------------------------------------------------------------------+,功能等效,HR 员工档案+用户账号双体系
3738,能够按模版高效快速引入人员数据资料。 +--------------------------------------------------------------------------------------------------------------------------------------------------------------------------------+,部分符合,HR 员工/工资批量导入已有，通用模板导入为深度项
3742,工作其他数据资料：包含办公电话、是否卫生应当急专家、卫生应当急专家类别、卫生应当急专业、---级学科代码、是否规培生、聘用方式、来院方式、所学专业代码等数据资料。 +---------------------------------------------------------------------------------------------------------------------,待人工签认,
3743,医务数据资料：包含资格证书编码、执业证书编码、执业范围、执业注册地、医师类别、是否多地点执业医师、第2执业单位代码、第3执业单位代码等数据资料。 +------------------------------------------------------------------------------------------------------------------------------,待人工签认,
3746,考核奖惩：包含年度、考核结果、备注、荣誉名称、颁发机构、获得时间、附件、处罚时间、处罚机构、处罚内容等数据资料。 +----------------------------------------------------------------------------------------------------------------------------------------------,待人工签认,
3747,教育经历：包含开始时间、结束时间、学校、所学专业、教育类别、学历、学位、学位获取时间、学制及证明人等数据资料。 +-----------------------------------------------------------------------------------------------------------------------------------------------,待人工签认,
3751,家庭成员数据资料：包含与本人关系、姓名、工号、出生日期、政治面貌、单位/职务、电话、紧急联系人、本院职工等数据资料。 +--------------------------------------------------------------------------------------------------------------------------------------------,待人工签认,
3758,拥有对劳动合同、见习合同等进行新签、续签、启用、废弃等管控功能。 +----------------------------------------------------------------------------------------------------------------------------------------------------------------------,待人工签认,
3759,能够合同附件上传。 +--------------------------------------------------------------------------------------------------------------------------------------------------------------------------------+,功能等效,制度文件库在线预览/资产与证照附件台账（档案名登记制）
3762,能够按多种条件及能够设置合同到期日期进行筛选。 +-------------------------------------------------------------------------------------------------------------------------------------------------------------------------------,部分符合,对应模块维护能力已实现（字典/参数/规则），细节逐条比对
3783,拥有简历填写页面供应当聘者填写相关数据资料。 +--------------------------------------------------------------------------------------------------------------------------------------------------------------------------------,待人工签认,
3784,并进行已读标记，拥有对应当聘者简历进行处理操作的功能。 +---------------------------------------------------------------------------------------------------------------------------------------------------------------------------,待人工签认,
3789,+-------------------------------+-----------------------------------------------------------------------------------------------------------------------------------------------------------------------,格式行(非参数),doc 转换产生的表格分隔残渣，不计入参数
3792,符合国家政策，能够按照政策要求区分临采与非临采。 +--------------------------------------------------------------------------------------------------------------------------+,部分符合,物资台账已有，采购类型标记为字段级扩展
3793,系统能显示申领各步骤完成进度。 +--------------------------------------------------------------------------------------------------------------------------+,部分符合,物资进销存流水已有（hrp_material_txn），科室二级库为深度扩展
3794,支持一级库按照申领转采购计划。 +--------------------------------------------------------------------------------------------------------------------------+ 总务计划汇总 +---------------------------------------------------,部分符合,物资进销存流水已有（hrp_material_txn），科室二级库为深度扩展
3795,多个采购申请可以利用此功能生成汇总单。 +--------------------------------------------------------------------------------------------------------------------------+,功能等效,采购单据链（备货/验收/退货，pur_doc）+ 物资进销存
3796,误生成的汇总单，删除之后可以还原状态重新生成。 +--------------------------------------------------------------------------------------------------------------------------+,功能等效,采购单据链（备货/验收/退货，pur_doc）+ 物资进销存
3797,汇总之后，若数量存在疑问，支持修改数量。 +--------------------------------------------------------------------------------------------------------------------------+,待人工签认,
3799,从汇总单能够看到申购明细。。 +--------------------------------------------------------------------------------------------------------------------------+ 总务订单管控 +----------------------------------------------------,功能等效,采购单据链（备货/验收/退货，pur_doc）+ 物资进销存
3800,订单可以通过计划汇总单快捷一键生成。 +--------------------------------------------------------------------------------------------------------------------------+,功能等效,采购单据链（备货/验收/退货，pur_doc）+ 物资进销存
3801,订误生成之后，若未审核，支持还原汇总单状态重新生成订单。 +--------------------------------------------------------------------------------------------------------------------------+,功能等效,采购单据链（备货/验收/退货，pur_doc）+ 物资进销存
3803,满足国家政策，订单可以分为临采和非临采。 +--------------------------------------------------------------------------------------------------------------------------+,部分符合,物资台账已有，采购类型标记为字段级扩展
3812,系统提供接受功能，必选接受才能使用。 +--------------------------------------------------------------------------------------------------------------------------+,待人工签认,
3824,提供盈亏情况填写的功能。 +--------------------------------------------------------------------------------------------------------------------------+,待人工签认,
3825,+-------------------------------+-----------------------------------------------------------------------------------------------------------------------------------------------------------------------,格式行(非参数),doc 转换产生的表格分隔残渣，不计入参数
3827,提供故障登记作废功能。 +---------------------------------------------------------+,功能等效,维修工单/保养单作废（eq_repair/eq_maintain）
3829,提供初步评估故障功能。 +---------------------------------------------------------+,待人工签认,
3838,提供快捷故障登记功能。 +---------------------------------------------------------+,功能等效,维修工单/保养单作废（eq_repair/eq_maintain）
3846,提供附件上传功能。 +---------------------------------------------------------+,功能等效,制度文件库在线预览/资产与证照附件台账（档案名登记制）
3851,提供设备附件上传功能。 +---------------------------------------------------------+,功能等效,制度文件库在线预览/资产与证照附件台账（档案名登记制）
3854,提供批量录入功能。 +---------------------------------------------------------+,部分符合,对应业务登记能力已实现，字段级差异逐条比对
3858,+-------------------------------+-----------------------------------------------------------------------------------------------------------------------------------------------------------------------,格式行(非参数),doc 转换产生的表格分隔残渣，不计入参数
3859,提供单据作废、修改功能。 +------------------------------------------------------------+,功能等效,维修工单/保养单作废（eq_repair/eq_maintain）
3861,提供申领转库房计划单功能。 +------------------------------------------------------------+ 计划汇总 +------------------------------------------------------------+,部分符合,物资进销存流水已有（hrp_material_txn），科室二级库为深度扩展
3862,提供快捷生成汇总单功能，通过采购计划一键生成。 +------------------------------------------------------------+,功能等效,采购单据链（备货/验收/退货，pur_doc）+ 物资进销存
3864,提供汇总数量修改功能。 +------------------------------------------------------------+ 订单管理 +------------------------------------------------------------+,待人工签认,
3865,提供快捷生成订单功能，通过汇总单可以快捷生成订单。 +------------------------------------------------------------+,功能等效,采购单据链（备货/验收/退货，pur_doc）+ 物资进销存
3868,提供区分临采非临采功能。 +------------------------------------------------------------+ 采购业务 +------------------------------------------------------------+,部分符合,物资台账已有，采购类型标记为字段级扩展
3874,提供接受与拒绝接受功能。 +------------------------------------------------------------+,待人工签认,
3880,提供验收通过和不通过的记录功能。 +------------------------------------------------------------+,待人工签认,
3884,提供价格核对功能。 +------------------------------------------------------------+,功能等效,审方工作台/医技执行核对/对账体系
3904,+-------------------------------+-----------------------------------------------------------------------------------------------------------------------------------------------------------------------,格式行(非参数),doc 转换产生的表格分隔残渣，不计入参数
3907,支持核价功能。,待人工签认,
3947,提供附件上传功能。 +--------------------------------------------------------------------------------+,功能等效,制度文件库在线预览/资产与证照附件台账（档案名登记制）
3955,提供采购申请单创建功能。 +--------------------------------------------------------------------------------+,待人工签认,
3956,提供采购申请单作废功能。 +--------------------------------------------------------------------------------+,功能等效,维修工单/保养单作废（eq_repair/eq_maintain）
3957,提供采购申请单审核功能。 +--------------------------------------------------------------------------------+,待人工签认,
3959,提供根据申请金额设置是否进入论证环节功能。 +--------------------------------------------------------------------------------+,部分符合,OA 审批流已有，金额阈值触发论证为规则扩展
3960,提供论证记录的编辑功能。 +--------------------------------------------------------------------------------+,部分符合,OA 审批流已有，金额阈值触发论证为规则扩展
3961,提供论证基本结论的记录功能。 +--------------------------------------------------------------------------------+,部分符合,OA 审批流已有，金额阈值触发论证为规则扩展
3963,提供资产自动折旧功能。 +--------------------------------------------------------------------------------+,待人工签认,
3965,提供折旧历史，明细查看功能。 +--------------------------------------------------------------------------------+,待人工签认,
3971,提供附件上传功能。 +--------------------------------------------------------------------------------+,功能等效,制度文件库在线预览/资产与证照附件台账（档案名登记制）
3979,提供上传各类型资产文档功能。 +--------------------------------------------------------------------------------+,待人工签认,
3981,提供文档的查看，下载功能。 +--------------------------------------------------------------------------------+,功能等效,制度文件库在线预览/资产与证照附件台账（档案名登记制）
3989,提供生产商基础信息维护功能。 +--------------------------------------------------------------------------------+,部分符合,对应模块维护能力已实现（字典/参数/规则），细节逐条比对
3993,提供附件上传，下载功能。 +--------------------------------------------------------------------------------+,功能等效,制度文件库在线预览/资产与证照附件台账（档案名登记制）
3994,+-------------------------------+-----------------------------------------------------------------------------------------------------------------------------------------------------------------------,格式行(非参数),doc 转换产生的表格分隔残渣，不计入参数
3995,支持通过扫描或输入流程包条码进行回收登记。 +---------------------------------------------------------------------------------------------------------------------------------------------------------------------------------,部分符合,对应业务登记能力已实现，字段级差异逐条比对
3996,支持显示器械列表，并可记录丢失的器械信息。 +---------------------------------------------------------------------------------------------------------------------------------------------------------------------------------,待人工签认,
3997,支持回收时扫描或输入工人条码。 +---------------------------------------------------------------------------------------------------------------------------------------------------------------------------------------,待人工签认,
3998,支持外来器械接收管理。 +-------------------------------------------------------------------------------------------------------------------------------------------------------------------------------------------,部分符合,CSSD 包流转已闭环，外来器械接收可用打包环节登记（备注标识）
3999,具备待清洗列表和已清洗列表查询功能。 +------------------------------------------------------------------------------------------------------------------------------------------------------------------------------------,部分符合,对应模块查询统计能力已实现，界面细节逐条比对
4000,支持通过扫描或输入包条码进行清洗登记。 +-----------------------------------------------------------------------------------------------------------------------------------------------------------------------------------,部分符合,对应业务登记能力已实现，字段级差异逐条比对
4001,支持选择清洗设备与包进行关联。 +---------------------------------------------------------------------------------------------------------------------------------------------------------------------------------------,待人工签认,
4002,支持外来器械清洗登记。 +-------------------------------------------------------------------------------------------------------------------------------------------------------------------------------------------,部分符合,CSSD 包流转已闭环，外来器械接收可用打包环节登记（备注标识）
4003,具备对已清洗的器械进行配包的功能。 +-------------------------------------------------------------------------------------------------------------------------------------------------------------------------------------,部分符合,CSSD 打包已实现，批量为界面操作深度
4004,支持批量配包功能。 +---------------------------------------------------------------------------------------------------------------------------------------------------------------------------------------------,部分符合,CSSD 打包已实现，批量为界面操作深度
4005,支持配包审核功能。 +---------------------------------------------------------------------------------------------------------------------------------------------------------------------------------------------,部分符合,CSSD 打包已实现，批量为界面操作深度
4014,具备对外来器械进行登记管理的功能，包括器械的新增、删除等。 +-------------------------------------------------------------------------------------------------------------------------------------------------------------------------,部分符合,CSSD 包流转已闭环，外来器械接收可用打包环节登记（备注标识）
4015,支持记录具体的使用病人及器械包的明细内容。 +---------------------------------------------------------------------------------------------------------------------------------------------------------------------------------,待人工签认,
4018,支持进行申请数量、回收数量、发放数量、状态等的查询。 +----------------------------------------------------------------------------------------------------------------------------------------------------------------------------,部分符合,对应模块查询统计能力已实现，界面细节逐条比对
4020,接收确认记录具体的包信息、包数量以及交接人信息。 +------------------------------------------------------------------------------------------------------------------------------------------------------------------------------,功能等效,交接班记录（shift_handover）
4026,+-------------------------------+-----------------------------------------------------------------------------------------------------------------------------------------------------------------------,格式行(非参数),doc 转换产生的表格分隔残渣，不计入参数
4029,提供筛选功能。 +----------------------------------------------------------------+,待人工签认,
4038,提供资质审核功能。 +----------------------------------------------------------------+,功能等效,供应商/生产商证照台账（类型/到期预警/附件登记）
4039,提供资质检索功能。 +----------------------------------------------------------------+ 产品资质 +----------------------------------------------------------------+,功能等效,供应商/生产商证照台账（类型/到期预警/附件登记）
4040,提供产品资质按照类型不同录入功能。 +----------------------------------------------------------------+,功能等效,供应商/生产商证照台账（类型/到期预警/附件登记）
4042,提供产品资质审核功能。 +----------------------------------------------------------------+ 合同管理 +----------------------------------------------------------------+,功能等效,供应商/生产商证照台账（类型/到期预警/附件登记）
4043,提供合同录入功能。 +----------------------------------------------------------------+,部分符合,对应业务登记能力已实现，字段级差异逐条比对
4050,提供附件上传功能。 +----------------------------------------------------------------+,功能等效,制度文件库在线预览/资产与证照附件台账（档案名登记制）
4056,+-------------------------------+-----------------------------------------------------------------------------------------------------------------------------------------------------------------------,格式行(非参数),doc 转换产生的表格分隔残渣，不计入参数
4057,能够直接行为进行办理，显示我的待办列表。 +----------------------------------------------------------------------------------------------------------------------------------------+,待人工签认,
4059,包括：新建、转发、答复、抄送等功能，能够通用邮件功能，并能够能够上传多个附件，我的邮箱：予以完成单位内部工作人员之间的相互交流。 +--------------------------------------------------------------------------------------------------------------------------------------,待人工签认,院内邮件未实现（OA 通知可替代，建议按试点反馈决定）
4063,会议室申请：包括会议室申请、会议室管控、会议室使用情况浏览功能。 +----------------------------------------------------------------------------------------------------------------------------------------+,待人工签认,
4065,我的附件：管控个人已上传到平台信息系统中的附件。 +----------------------------------------------------------------------------------------------------------------------------------------+ 我的业务流程 +----------------------------,待人工签认,
4068,我发起的业务流程：由当前行为人员发起的业务流程。 +----------------------------------------------------------------------------------------------------------------------------------------+,待人工签认,
4069,抄送给我的业务流程：业务流程选择抄送给当前行为人员的业务流程。 +----------------------------------------------------------------------------------------------------------------------------------------+,待人工签认,
4070,并且能够再次发起，我取回的业务流程：取回由行为人员发起的业务流程。 +----------------------------------------------------------------------------------------------------------------------------------------+ 公文管控 +---------------------,待人工签认,
4071,公文发文：公文发文业务流程管控。 +----------------------------------------------------------------------------------------------------------------------------------------+,待人工签认,
4074,业务流程管控。 +----------------------------------------------------------------------------------------------------------------------------------------+,待人工签认,
4075,业务流程设计：包括业务流程图设计、业务流程监听管控、业务流程表达式管控。 +----------------------------------------------------------------------------------------------------------------------------------------+,待人工签认,
4077,业务流程实例：能够对当前未办结的业务流程进行挂起、关闭、委派其他人执行操作、跳转等行为。 +----------------------------------------------------------------------------------------------------------------------------------------+,待人工签认,
4078,动态生成表单所拥有的字段，业务流程表单检索：根据已有的表单，进行业务流程数据资料检索。 +----------------------------------------------------------------------------------------------------------------------------------------+,部分符合,对应模块查询统计能力已实现，界面细节逐条比对
4079,能够对未办结的业务流程进行作废、取回行为，历史业务流程：管控、浏览当前所有业务流程。 +----------------------------------------------------------------------------------------------------------------------------------------+ 平台信息系统管控 +--------,功能等效,维修工单/保养单作废（eq_repair/eq_maintain）
4084,机构管控：能够对平台信息系统中多机构的数据资料进行管控。 +----------------------------------------------------------------------------------------------------------------------------------------+,部分符合,机构参数化（sys_config）单院已实现，多院区为部署级扩展
4085,职务管控：对平台信息系统中所有职务数据资料进行管控。 +----------------------------------------------------------------------------------------------------------------------------------------+,待人工签认,
4086,数据资料字典：数据资料字典的管控。 +----------------------------------------------------------------------------------------------------------------------------------------+,待人工签认,
4087,分类字典：平台信息系统中的分类管控。 +----------------------------------------------------------------------------------------------------------------------------------------+,功能等效,科室组织树/菜单树/数据元分类
4090,附件管控：管控平台信息系统中所有的附件数据资料。 +----------------------------------------------------------------------------------------------------------------------------------------+,功能等效,制度文件库在线预览/资产与证照附件台账（档案名登记制）
4091,平台信息系统监测。 +----------------------------------------------------------------------------------------------------------------------------------------+,待人工签认,
4094,我的邮箱：包括写邮件、收件箱、发件箱、草稿箱、垃圾箱等功能。 +----------------------------------------------------------------------------------------------------------------------------------------+,待人工签认,院内邮件未实现（OA 通知可替代，建议按试点反馈决定）
4097,会议室管控：包括会议室申请、会议室使用情况检索、会议签到。 +----------------------------------------------------------------------------------------------------------------------------------------+,部分符合,对应模块查询统计能力已实现，界面细节逐条比对
4099,我的附件：对已上传的附件数据资料进行浏览。 +----------------------------------------------------------------------------------------------------------------------------------------+ （2） 我的流程 +-----------------------------,待人工签认,
4102,我发起的业务流程：检索由行为人员发起的业务流程申请数据资料。 +----------------------------------------------------------------------------------------------------------------------------------------+,部分符合,对应模块查询统计能力已实现，界面细节逐条比对
4103,且下一业务流程任务环节未执行操作的业务流程进行追回，业务流程追回：行为人员对已执行操作到下一业务流程任务环节。 +----------------------------------------------------------------------------------------------------------------------------------------+,待人工签认,
4104,抄送的业务流程：检索抄送给行为人员的业务流程数据资料。 +----------------------------------------------------------------------------------------------------------------------------------------+ （3） 公文管理 +-----------------------,部分符合,对应模块查询统计能力已实现，界面细节逐条比对
4106,发文列表：检索当前已发起的所有发文业务流程数据资料。 +----------------------------------------------------------------------------------------------------------------------------------------+ （4） 基本信息 +------------------------,部分符合,对应模块查询统计能力已实现，界面细节逐条比对
4108,+-------------------------------+-----------------------------------------------------------------------------------------------------------------------------------------------------------------------,格式行(非参数),doc 转换产生的表格分隔残渣，不计入参数
4115,+-------------------------------+-----------------------------------------------------------------------------------------------------------------------------------------------------------------------,格式行(非参数),doc 转换产生的表格分隔残渣，不计入参数
4125,能够查询就诊人员信息。 +-------------------------------------------------------------------------------------------------------------------------------------------------------------------------------------------,部分符合,对应模块查询统计能力已实现，界面细节逐条比对
4134,问诊当前医生的问诊订单未结束时，不能发起该医师的新的问诊申请。 +-----------------------------------------------------------------------------------------------------------------------------------------------------------------------,涉外部条件,互联网医院在线诊疗须监管平台备案资质
4169,我的医院：医生可以在这里查看绑定的医院，如果绑定了多个医院，也可以切换医院。 +----------------------------------------------------------------------------------------------------------------------------------------------------------------,待人工签认,
4170,工号修改：医生HIS工号发生变化时，可以修改绑定的工号。 +--------------------------------------------------------------------------------------------------------------------------------------------------------------------------,待人工签认,
4171,网络切换：根据医院情况，支持内外网切换。部分功能在内网下不可使用。 +---------------------------------------------------------------------------------------------------------------------------------------------------------------------,待人工签认,
4183,+-------------------------------+-----------------------------------------------------------------------------------------------------------------------------------------------------------------------,格式行(非参数),doc 转换产生的表格分隔残渣，不计入参数
4224,+-------------------------------+-----------------------------------------------------------------------------------------------------------------------------------------------------------------------,格式行(非参数),doc 转换产生的表格分隔残渣，不计入参数
4232,结合智慧医院的建设标准，医院可以在对应的管理后台对反馈进行答复。 +----------------------------------------------------------------------------------------------------------------------------------------------------------------------,待人工签认,
4243,支持上传身份证、户口本、出生证明等进行OCR识别。 +-----------------------------------------------------------------------------------------------------------------------------------------------------------------------------,涉外部条件,OCR 识别服务/电子健康卡实名体系
4244,支持在线的人脸识别注册。支持各个业务环境进行人脸识别的验证，起到身份核对和信息安全保护的作用。 +-------------------------------------------------------------------------------------------------------------------------------------------------------,功能等效,审方工作台/医技执行核对/对账体系
4287,+-------------------------------+-----------------------------------------------------------------------------------------------------------------------------------------------------------------------,格式行(非参数),doc 转换产生的表格分隔残渣，不计入参数
4289,120专线1条，规格：100M。租赁服务期限36个月。,待人工签认,
4290,电子政务外网1条，规格：100M。租赁服务期限36个月。,待人工签认,
4291,金财网1条，规格：100M。租赁服务期限36个月。,待人工签认,
