序号,桶,桶名,现结论,主题,建议处置,命中规则,在正式名单内,参数摘要
163,A,A 知识内容类——应改判「配套产品响应」,部分响应,其他,改判为配套产品响应（平台提供承载框架与执行机制，知识内容由知识库厂商提供并导入）,参数摘要命中「药物手册」,是,支持药物手册的查看和批量导出操作。 医药学公式
167,A,A 知识内容类——应改判「配套产品响应」,部分响应,药事与药房,改判为配套产品响应（平台提供承载框架与执行机制，知识内容由知识库厂商提供并导入）,参数摘要命中「文献」,否,可查询国家卫健委和药品监督管理局发布的通知公告和法律法规。 自定义医院文献
168,A,A 知识内容类——应改判「配套产品响应」,部分响应,权限审计与系统运维,改判为配套产品响应（平台提供承载框架与执行机制，知识内容由知识库厂商提供并导入）,参数摘要命中「文献」,是,支持用户自定义维护文献、杂志，参考文献等内容；
207,A,A 知识内容类——应改判「配套产品响应」,部分响应,其他,改判为配套产品响应（平台提供承载框架与执行机制，知识内容由知识库厂商提供并导入）,参数摘要命中「乌头碱」,是,含有2个或2个以上乌头碱的中成药（如：虎力散制剂、强力天麻杜仲制剂、祛风止痛制剂、尪痹制剂、复方夏天无片等）进行相互作用的审查，提示可能存在毒性反应；
209,A,A 知识内容类——应改判「配套产品响应」,部分响应,门急诊与住院业务,改判为配套产品响应（平台提供承载框架与执行机制，知识内容由知识库厂商提供并导入）,参数摘要命中「药物治疗分类」,是,实现可根据不同药品名称、或药品成分在实际用药中重复治疗的审查，重复治疗审查提示处方/医嘱中的两个或多个药品（带给药途径）同属某个药物治疗分类（即具有同一种治疗目
228,A,A 知识内容类——应改判「配套产品响应」,部分响应,门急诊与住院业务,改判为配套产品响应（平台提供承载框架与执行机制，知识内容由知识库厂商提供并导入）,参数摘要命中「作用机制」,是,实现处方/医嘱中是否存在作用机制相同药品重复应用的审查（同重复用药）；
993,A,A 知识内容类——应改判「配套产品响应」,部分响应,护理与病历文书,改判为配套产品响应（平台提供承载框架与执行机制，知识内容由知识库厂商提供并导入）,参数摘要命中「知识库」,是,拥有诊断库、电子病历模板库等知识库的支撑。 +---------------------------------------------------------
131,B,B 非软件条款——出函或澄清，非开发项,部分响应,其他,出具承诺函/测试报告/厂商规格书，或改判配套产品响应,参数摘要命中「国产操作系统」,是,软件兼容国产操作系统。 +-------------------------------+-----------------------------------
629,B,B 非软件条款——出函或澄清，非开发项,部分响应,数据治理与报表指标,出具承诺函/测试报告/厂商规格书，或改判配套产品响应,参数摘要命中「ClickHouse」,是,结合医院实际业务形态、业务场景特点及各类数据分析指标的核心要求，构建符合大数据标准的规范化仓库模型，所有模型数据均采用经过前置清洗、转换处理后的合规数据，并统一
54,C,C 设计选择被判缺项——宜写澄清而非降级,部分响应,权限审计与系统运维,写澄清：以停用+审计留痕替代物理删除，是更合规的设计选择，非功能缺失,参数摘要命中「删除用户」,是,可实现添加用户、删除用户、停用用户等操作。 权限管理 可实现页面权限管理、操作权限管理、数据权限管理等操作。 +------------------------
1003,C,C 设计选择被判缺项——宜写澄清而非降级,部分响应,门急诊与住院业务,写澄清：该处置方式是权衡实际业务后的设计选择，并可按院方要求配置为阻断,响应说明命中「提醒而不阻断」,是,缺药时不准许进行后续处方开具业务流程，拥有缺药提醒。 +----------------------------------------------------
182,D1,D1 快赢——已提供大部，缺口已枚举,部分响应,其他,按缺口清单补齐后申请上调（成本低、★ 密度高者优先成版）,说明列描述了已有能力并逐项列出缺口（子项缺）,是,通过采用警示级别的设置，实现按严重程度对审查出的不合理问题进行区分： <!-- -->
185,D1,D1 快赢——已提供大部，缺口已枚举,部分响应,数据治理与报表指标,按缺口清单补齐后申请上调（成本低、★ 密度高者优先成版）,说明列描述了已有能力并逐项列出缺口（子项缺）,是,系统支持结合患者诊断、检验指标、年龄等信息，实现对药品适应症、禁忌症的合理性审查；
205,D1,D1 快赢——已提供大部，缺口已枚举,部分响应,医技检验影像,按缺口清单补齐后申请上调（成本低、★ 密度高者优先成版）,说明列描述了已有能力并逐项列出缺口（子项缺）,是,结合病人的具体情况【如：诊断、检验值、合用药品（剂量、频率、给药途径）】等信息，实现可根据不同药品名称在实际用药中是否存在不良相互作用的精准审查；
206,D1,D1 快赢——已提供大部，缺口已枚举,部分响应,药事与药房,按缺口清单补齐后申请上调（成本低、★ 密度高者优先成版）,说明列描述了已有能力并逐项列出缺口（子项缺）,是,实现含有乙醇的药品与特定药物不良相互作用的审查，提示可能存在双硫仑样反应；
214,D1,D1 快赢——已提供大部，缺口已枚举,部分响应,门急诊与住院业务,按缺口清单补齐后申请上调（成本低、★ 密度高者优先成版）,说明列描述了已有能力并逐项列出缺口（子项缺）,是,实现用药处方/医嘱中是否存在特殊人群（妊娠期妇女、哺乳期妇女、老年人、儿童等）中的禁用及慎用的药品；
217,D1,D1 快赢——已提供大部，缺口已枚举,部分响应,门急诊与住院业务,按缺口清单补齐后申请上调（成本低、★ 密度高者优先成版）,说明列描述了已有能力并逐项列出缺口（子项缺）,是,在获取病人既往过敏原或过敏类信息的基础上，提示病人用药处方中是否存在与病人既往过敏药品、食物相关的、可能导致类似过敏反应的药品；
227,D1,D1 快赢——已提供大部，缺口已枚举,部分响应,药事与药房,按缺口清单补齐后申请上调（成本低、★ 密度高者优先成版）,说明列描述了已有能力并逐项列出缺口（子项缺）,是,提供规则模板，可按《抗菌药物临床应用指导原则(2015年版)》实现抗菌药物越权用药的管控；
229,D1,D1 快赢——已提供大部，缺口已枚举,部分响应,药事与药房,按缺口清单补齐后申请上调（成本低、★ 密度高者优先成版）,说明列描述了已有能力并逐项列出缺口（子项缺）,否,精、麻、毒、放、高危等药品的审查；
248,D1,D1 快赢——已提供大部，缺口已枚举,部分响应,门急诊与住院业务,按缺口清单补齐后申请上调（成本低、★ 密度高者优先成版）,说明列描述了已有能力并逐项列出缺口（子项缺）,是,系统支持自定义规则审核后立即生效（不需要重启服务器）；可快速实现处方/医嘱的干预、查询、分析和统计。 自定义管理规则
647,D1,D1 快赢——已提供大部，缺口已枚举,部分响应,数据治理与报表指标,按缺口清单补齐后申请上调（成本低、★ 密度高者优先成版）,说明列描述了已有能力并逐项列出缺口（子项缺）,是,完整记录并展示用户在主数据模块内的所有操作行为与历史记录。 +-------------------------------+-----------------
664,D1,D1 快赢——已提供大部，缺口已枚举,部分响应,护理与病历文书,按缺口清单补齐后申请上调（成本低、★ 密度高者优先成版）,说明列描述了已有能力并逐项列出缺口（子项缺）,否,对于支持自动采集、自动计算的指标，需依托对应源头业务系统提供数据支撑。包括重症监护信息系统、HIS、单病种管理系统、实验室管理系统（LIS）、手术麻醉系统、药学
671,D1,D1 快赢——已提供大部，缺口已枚举,部分响应,数据治理与报表指标,按缺口清单补齐后申请上调（成本低、★ 密度高者优先成版）,说明列描述了已有能力并逐项列出缺口（子项缺）,否,对于可从业务系统自动采集数据的指标，其自动获取功能的实现，需依托对应业务系统提供基础支撑。包括财务管理系统、手术麻醉系统、双向转诊系统、DRGS、实验室管理系统
682,D1,D1 快赢——已提供大部，缺口已枚举,部分响应,医技检验影像,按缺口清单补齐后申请上调（成本低、★ 密度高者优先成版）,说明列描述了已有能力并逐项列出缺口（子项缺）,是,可统计各住院科室手术人次，并展示待诊疗、待检查、待检验、待取药、待入院等各类等待人次。 +-------------------------------+---
688,D1,D1 快赢——已提供大部，缺口已枚举,部分响应,医技检验影像,按缺口清单补齐后申请上调（成本低、★ 密度高者优先成版）,说明列描述了已有能力并逐项列出缺口（子项缺）,是,历史就诊信息：查询患者所有历史就诊相关的各种信息，如：患者信息、患者基本健康状况、用药记录、手术记录、检验记录、检查记录、门诊与住院的诊断记录等； > 医护人员
710,D1,D1 快赢——已提供大部，缺口已枚举,部分响应,护理与病历文书,按缺口清单补齐后申请上调（成本低、★ 密度高者优先成版）,说明列描述了已有能力并逐项列出缺口（子项缺）,是,基于标准数据元、标准数据集，对医疗机构患者就诊产生的全流程临床业务数据进行统一展示、查询、浏览，实现门诊、住院、检查检验、手术、护理、病历、医嘱、费用等数据的可
719,D1,D1 快赢——已提供大部，缺口已枚举,部分响应,数据治理与报表指标,按缺口清单补齐后申请上调（成本低、★ 密度高者优先成版）,说明列描述了已有能力并逐项列出缺口（子项缺）,否,负责字典核心数据维护，包括值域代码、值域名称、编码规则、版本信息、备注说明等内容的新增、编辑、查询、启用与禁用，保障字典数据准确完整。
720,D1,D1 快赢——已提供大部，缺口已枚举,部分响应,数据治理与报表指标,按缺口清单补齐后申请上调（成本低、★ 密度高者优先成版）,说明列描述了已有能力并逐项列出缺口（子项缺）,是,①字典对照，临床各业务系统之间数据字典和字典版本不一致，需要数据中心约定相关字典使用标准及版本，对历史数据和实时数据进行统一对照和转换。将医院各业务系统的数据字
725,D1,D1 快赢——已提供大部，缺口已枚举,部分响应,其他,按缺口清单补齐后申请上调（成本低、★ 密度高者优先成版）,说明列描述了已有能力并逐项列出缺口（子项缺）,是,共享文档可视化展示：由于CDA文档规范中仅仅定义了文档模式XSD，未定义可视化的XSL，医院信息集成平台提供了一个默认的XSL，用于对CDA文档进行格式化处理和
734,D1,D1 快赢——已提供大部，缺口已枚举,部分响应,权限审计与系统运维,按缺口清单补齐后申请上调（成本低、★ 密度高者优先成版）,说明列描述了已有能力并逐项列出缺口（子项缺）,是,记录服务订阅过程中的消息分发日志，确保消息分发过程可追溯，保障消息能成功推送至订阅者。详细记录服务订阅相关的消息日志，包括服务名称、服务编码、消息订阅者、消息分
764,D1,D1 快赢——已提供大部，缺口已枚举,部分响应,数据治理与报表指标,按缺口清单补齐后申请上调（成本低、★ 密度高者优先成版）,说明列描述了已有能力并逐项列出缺口（子项缺）,是,通过服务总线模式或者微服务模式提供主数据注册、更新、查询、订阅、推送服务，供其他机构/系统调用，支持服务接口的权限控制、调用日志记录，确保服务稳定、安全。 提供
803,D1,D1 快赢——已提供大部，缺口已枚举,部分响应,权限审计与系统运维,按缺口清单补齐后申请上调（成本低、★ 密度高者优先成版）,说明列描述了已有能力并逐项列出缺口（子项缺）,是,支持用户按照不同角色权限对于系统中的操作日志进行查询。 +-------------------------------+-------------------
809,D1,D1 快赢——已提供大部，缺口已枚举,部分响应,其他,按缺口清单补齐后申请上调（成本低、★ 密度高者优先成版）,说明列描述了已有能力并逐项列出缺口（子项缺）,是,统计分析： > 支持对医生接诊数量、时间数据进行汇总统计； > > 支持对患者等待时间统计； +-------------------------------+
820,D1,D1 快赢——已提供大部，缺口已枚举,部分响应,其他,按缺口清单补齐后申请上调（成本低、★ 密度高者优先成版）,说明列描述了已有能力并逐项列出缺口（子项缺）,是,重复呼叫功能：支持对过号未到患者进行重复呼叫，同时也支持对已完成患者的重复呼叫。叫号时，语音与显示屏同步显示，确保患者及时知晓。 +--------------
831,D1,D1 快赢——已提供大部，缺口已枚举,部分响应,其他,按缺口清单补齐后申请上调（成本低、★ 密度高者优先成版）,说明列描述了已有能力并逐项列出缺口（子项缺）,是,支持语音播放。 +-------------------------------+---------------------------------------
902,D1,D1 快赢——已提供大部，缺口已枚举,部分响应,其他,按缺口清单补齐后申请上调（成本低、★ 密度高者优先成版）,说明列描述了已有能力并逐项列出缺口（子项缺）,是,支持患者在移动端进行预约查询，查询已预约信息详情。 +-----------------------------------------------------
932,D1,D1 快赢——已提供大部，缺口已枚举,部分响应,其他,按缺口清单补齐后申请上调（成本低、★ 密度高者优先成版）,说明列描述了已有能力并逐项列出缺口（子项缺）,是,展示本次就诊记录的对应支付信息。完成支付后，可以再次扫描二维码，显示申请单号，取药窗口号等。 +--------------------------------
964,D1,D1 快赢——已提供大部，缺口已枚举,部分响应,门急诊与住院业务,按缺口清单补齐后申请上调（成本低、★ 密度高者优先成版）,说明列描述了已有能力并逐项列出缺口（子项缺）,是,全面展示挂号信息、待诊信息，根据挂号信息查询整体挂号数据，根据待诊信息查询钱都队列信息。 +----------------------------------
965,D1,D1 快赢——已提供大部，缺口已枚举,部分响应,护理与病历文书,按缺口清单补齐后申请上调（成本低、★ 密度高者优先成版）,说明列描述了已有能力并逐项列出缺口（子项缺）,是,全面展示历史患者就诊信息，查询已诊患者列表，能够浏览个人资料、病历、医嘱等信息。 +--------------------------------------
967,D1,D1 快赢——已提供大部，缺口已枚举,部分响应,医保 DRG 结算,按缺口清单补齐后申请上调（成本低、★ 密度高者优先成版）,说明列描述了已有能力并逐项列出缺口（子项缺）,是,具备各种接诊方式，包括刷就诊卡、医保卡、身份证等其他电子凭证，或从待诊、已诊、历史、本科室患者病人列表中选择患者调入接诊，并支持对接排队叫号系统功能管理患者接诊
970,D1,D1 快赢——已提供大部，缺口已枚举,部分响应,医技检验影像,按缺口清单补齐后申请上调（成本低、★ 密度高者优先成版）,说明列描述了已有能力并逐项列出缺口（子项缺）,是,叫号数据资料一致化到语音设备及诊室显示屏上，与分诊叫号平台信息系统予以完成互动，能够医生根据患者列表对患者进行呼叫就诊行为。 +----------------
972,D1,D1 快赢——已提供大部，缺口已枚举,部分响应,其他,按缺口清单补齐后申请上调（成本低、★ 密度高者优先成版）,说明列描述了已有能力并逐项列出缺口（子项缺）,是,集中展示患者在医院信息系统中的基本信息，如姓名、性别、年龄、联系方式、过敏史和病种信息。 +----------------------------------
973,D1,D1 快赢——已提供大部，缺口已枚举,部分响应,其他,按缺口清单补齐后申请上调（成本低、★ 密度高者优先成版）,说明列描述了已有能力并逐项列出缺口（子项缺）,是,支持接诊信息修改、患者基本信息修改。 +------------------------------------------------------------
975,D1,D1 快赢——已提供大部，缺口已枚举,部分响应,门急诊与住院业务,按缺口清单补齐后申请上调（成本低、★ 密度高者优先成版）,说明列描述了已有能力并逐项列出缺口（子项缺）,是,拥有诊间预约挂号功能，能够预约下次就诊科目及日期。 +-----------------------------------------------------
977,D1,D1 快赢——已提供大部，缺口已枚举,部分响应,门急诊与住院业务,按缺口清单补齐后申请上调（成本低、★ 密度高者优先成版）,说明列描述了已有能力并逐项列出缺口（子项缺）,是,支持门诊西医诊断规范化管理，对标ICD-10标准编码及自定义临床诊断名称描述。 +---------------------------------------
979,D1,D1 快赢——已提供大部，缺口已枚举,部分响应,其他,按缺口清单补齐后申请上调（成本低、★ 密度高者优先成版）,说明列描述了已有能力并逐项列出缺口（子项缺）,是,提供患者诊断助手功能，包括患者历史诊断、常用诊断、高频诊断等内容，方便医生录入。 +--------------------------------------
980,D1,D1 快赢——已提供大部，缺口已枚举,部分响应,其他,按缺口清单补齐后申请上调（成本低、★ 密度高者优先成版）,说明列描述了已有能力并逐项列出缺口（子项缺）,是,诊断报卡：根据下达的诊断判断是否需要进行传染病，食源性疾病统一报卡等操作，完成报卡闭环**。** +------------------------------
987,D1,D1 快赢——已提供大部，缺口已枚举,部分响应,护理与病历文书,按缺口清单补齐后申请上调（成本低、★ 密度高者优先成版）,说明列描述了已有能力并逐项列出缺口（子项缺）,是,结构化模板：提供丰富的门诊病历模板，包括常见疾病的模板，支持自定义模板，方便医生快速录入。 +---------------------------------
991,D1,D1 快赢——已提供大部，缺口已枚举,部分响应,护理与病历文书,按缺口清单补齐后申请上调（成本低、★ 密度高者优先成版）,说明列描述了已有能力并逐项列出缺口（子项缺）,是,实现门诊病历和门诊医嘱的信息自动更新和签名流程闭环。在医生站录入医嘱和诊断自动更新到本人创建/签署的病历中，当切换病历或者诊毕时引导医生一键签署或重新签署病历，
992,D1,D1 快赢——已提供大部，缺口已枚举,部分响应,护理与病历文书,按缺口清单补齐后申请上调（成本低、★ 密度高者优先成版）,说明列描述了已有能力并逐项列出缺口（子项缺）,是,拥有临床数据资料引用功能，能够直接引用患者基本数据资料、检验、检查等数据资料，也能够引用历史病历中的相关内容。 +-----------------------
994,D1,D1 快赢——已提供大部，缺口已枚举,部分响应,护理与病历文书,按缺口清单补齐后申请上调（成本低、★ 密度高者优先成版）,说明列描述了已有能力并逐项列出缺口（子项缺）,是,病历内容历次更新痕迹保留，拥有病历留痕功能。 +--------------------------------------------------------
995,D1,D1 快赢——已提供大部，缺口已枚举,部分响应,数据治理与报表指标,按缺口清单补齐后申请上调（成本低、★ 密度高者优先成版）,说明列描述了已有能力并逐项列出缺口（子项缺）,是,并拥有药物字典、检验检查字典、手术治疗字典等字典数据资料，医生能够开具药品、处置治疗、卫生材料等医嘱。 +---------------------------
996,D1,D1 快赢——已提供大部，缺口已枚举,部分响应,权限审计与系统运维,按缺口清单补齐后申请上调（成本低、★ 密度高者优先成版）,说明列描述了已有能力并逐项列出缺口（子项缺）,是,能够不同级别医生开立相应当级别药物、检验检查、治疗方案以及手术等医嘱数据资料，拥有医嘱权限管控支持上级医生或药师对医嘱进行审核。 +--------------
997,D1,D1 快赢——已提供大部，缺口已枚举,部分响应,门急诊与住院业务,按缺口清单补齐后申请上调（成本低、★ 密度高者优先成版）,说明列描述了已有能力并逐项列出缺口（子项缺）,是,以符合《处方管控办法》：诊断、科室、医生、时间的限制等，自动化审批录入处方的完整性性。 +-----------------------------------
1001,D1,D1 快赢——已提供大部，缺口已枚举,部分响应,医保 DRG 结算,按缺口清单补齐后申请上调（成本低、★ 密度高者优先成版）,说明列描述了已有能力并逐项列出缺口（子项缺）,是,拥有费用数据资料提示：包括项目名称、规格、价格、医保费用类别、数量等。 +-------------------------------------------
1002,D1,D1 快赢——已提供大部，缺口已枚举,部分响应,医保 DRG 结算,按缺口清单补齐后申请上调（成本低、★ 密度高者优先成版）,说明列描述了已有能力并逐项列出缺口（子项缺）,是,拥有药品数据资料提示：包括商品名、通用名、规格、价格、库存量、医保费用类别等。 +---------------------------------------
1005,D1,D1 快赢——已提供大部，缺口已枚举,部分响应,药事与药房,按缺口清单补齐后申请上调（成本低、★ 密度高者优先成版）,说明列描述了已有能力并逐项列出缺口（子项缺）,否,提高医生开方速度，能够预先设置药品的默认剂量、频次、用法等。 +------------------------------------------------
1007,D1,D1 快赢——已提供大部，缺口已枚举,部分响应,门急诊与住院业务,按缺口清单补齐后申请上调（成本低、★ 密度高者优先成版）,说明列描述了已有能力并逐项列出缺口（子项缺）,是,能够处方作废、处方双签字功能。 +---------------------------------------------------------------
1009,D1,D1 快赢——已提供大部，缺口已枚举,部分响应,门急诊与住院业务,按缺口清单补齐后申请上调（成本低、★ 密度高者优先成版）,说明列描述了已有能力并逐项列出缺口（子项缺）,是,支持根据患者过敏信息、皮试记录、药品皮试规则智能提醒自动开立皮试医嘱。 +-------------------------------------------
1013,D1,D1 快赢——已提供大部，缺口已枚举,部分响应,医技检验影像,按缺口清单补齐后申请上调（成本低、★ 密度高者优先成版）,说明列描述了已有能力并逐项列出缺口（子项缺）,是,拥有检验申请单开具功能，检验申请单，拥有检验项目诊断、加急标志录入功能。 +------------------------------------------
1014,D1,D1 快赢——已提供大部，缺口已枚举,部分响应,医技检验影像,按缺口清单补齐后申请上调（成本低、★ 密度高者优先成版）,说明列描述了已有能力并逐项列出缺口（子项缺）,是,拥有检查申请单开具功能，检查申请单，拥有检查申请单临床摘要、诊断数据资料、检查目的、注意事项录入功能。 +---------------------------
1015,D1,D1 快赢——已提供大部，缺口已枚举,部分响应,门急诊与住院业务,按缺口清单补齐后申请上调（成本低、★ 密度高者优先成版）,说明列描述了已有能力并逐项列出缺口（子项缺）,是,拥有手术申请单开具功能，拥有急诊手术、日间手术等标志录入功能，手术申请单。 +-----------------------------------------
1017,D1,D1 快赢——已提供大部，缺口已枚举,部分响应,医技检验影像,按缺口清单补齐后申请上调（成本低、★ 密度高者优先成版）,说明列描述了已有能力并逐项列出缺口（子项缺）,是,予以完成医技检查报告调阅功能，能够浏览检查结果和影像资料，能够与医技检查平台信息系统集成。 +---------------------------------
1019,D1,D1 快赢——已提供大部，缺口已枚举,部分响应,护理与病历文书,按缺口清单补齐后申请上调（成本低、★ 密度高者优先成版）,说明列描述了已有能力并逐项列出缺口（子项缺）,是,基于电子病历评价标准，实现患者就诊信息互通，在门诊医生站中有且不限于检验、检查、病理、电子病历数据报告查询，也支持历史某段时间内就诊报告的查询。 +------
1021,D1,D1 快赢——已提供大部，缺口已枚举,部分响应,数据治理与报表指标,按缺口清单补齐后申请上调（成本低、★ 密度高者优先成版）,说明列描述了已有能力并逐项列出缺口（子项缺）,是,在检验结果中支持检验定量指标的趋势图分析，分单指标趋势图和多指标趋势图。 +------------------------------------------
1023,D1,D1 快赢——已提供大部，缺口已枚举,部分响应,其他,按缺口清单补齐后申请上调（成本低、★ 密度高者优先成版）,说明列描述了已有能力并逐项列出缺口（子项缺）,是,同时浏览患者的就诊数据资料，拥有填写会诊结论功能。 +-----------------------------------------------------
1024,D1,D1 快赢——已提供大部，缺口已枚举,部分响应,医保 DRG 结算,按缺口清单补齐后申请上调（成本低、★ 密度高者优先成版）,说明列描述了已有能力并逐项列出缺口（子项缺）,是,拥有医保类别审批功能，自动化核算就诊费用。 +---------------------------------------------------------
1027,D1,D1 快赢——已提供大部，缺口已枚举,部分响应,门急诊与住院业务,按缺口清单补齐后申请上调（成本低、★ 密度高者优先成版）,说明列描述了已有能力并逐项列出缺口（子项缺）,是,医生下达的门诊诊断能够与传染病上报报卡进行关联，能够传染病报卡登记，并自动化根据诊断填写不同类型的报卡内容提醒医生进行上报。 +----------------
1032,D1,D1 快赢——已提供大部，缺口已枚举,部分响应,其他,按缺口清单补齐后申请上调（成本低、★ 密度高者优先成版）,说明列描述了已有能力并逐项列出缺口（子项缺）,是,拥有诊断工作量汇总。 +--------------------------------------------------------------------
1063,D1,D1 快赢——已提供大部，缺口已枚举,部分响应,其他,按缺口清单补齐后申请上调（成本低、★ 密度高者优先成版）,说明列描述了已有能力并逐项列出缺口（子项缺）,是,实现了对基础数据元信息的具体详情内容的预先查阅，和对数据元的基础信息的修改，移除无用的数据元等能力。 +----------------------------
1064,D1,D1 快赢——已提供大部，缺口已枚举,部分响应,数据治理与报表指标,按缺口清单补齐后申请上调（成本低、★ 密度高者优先成版）,说明列描述了已有能力并逐项列出缺口（子项缺）,是,借助列表形式展示了所有的指标库，能够按条件检索符合条件的信息。 +-----------------------------------------------
1073,D1,D1 快赢——已提供大部，缺口已枚举,部分响应,权限审计与系统运维,按缺口清单补齐后申请上调（成本低、★ 密度高者优先成版）,说明列描述了已有能力并逐项列出缺口（子项缺）,是,能够依据权限的不同检索到不同的模板，依据应用范围模板分为全局模板、全院模板、科室模板、个人模板。 +------------------------------
1079,D1,D1 快赢——已提供大部，缺口已枚举,部分响应,护理与病历文书,按缺口清单补齐后申请上调（成本低、★ 密度高者优先成版）,说明列描述了已有能力并逐项列出缺口（子项缺）,是,增加病历：通过挑选病历模板增加病历，也可借助于既往病历增加病历，兼容门诊病历、急诊留观病历等病历文书构建并书写。 +----------------------
1084,D1,D1 快赢——已提供大部，缺口已枚举,部分响应,其他,按缺口清单补齐后申请上调（成本低、★ 密度高者优先成版）,说明列描述了已有能力并逐项列出缺口（子项缺）,是,录入诊断：兼容中西医诊断录入，西医使用icd规范诊断，诊断能够增加前后缀；兼容存储常用诊断，从常用诊断中挑选诊断等功能。 +------------------
1086,D1,D1 快赢——已提供大部，缺口已枚举,部分响应,护理与病历文书,按缺口清单补齐后申请上调（成本低、★ 密度高者优先成版）,说明列描述了已有能力并逐项列出缺口（子项缺）,是,病历签名：兼容多种医师签名方法，如个性化设置图片签名，文本签名；能够与第三方CA认证签名接口对接，达成CA认证签名。 +--------------------
1088,D1,D1 快赢——已提供大部，缺口已枚举,部分响应,护理与病历文书,按缺口清单补齐后申请上调（成本低、★ 密度高者优先成版）,说明列描述了已有能力并逐项列出缺口（子项缺）,否,病历打印：病历可预览、续打、合并打印、挑选区域打印。 +----------------------------------------------------
1089,D1,D1 快赢——已提供大部，缺口已枚举,部分响应,护理与病历文书,按缺口清单补齐后申请上调（成本低、★ 密度高者优先成版）,说明列描述了已有能力并逐项列出缺口（子项缺）,是,查阅质量控制结果：可查阅病历的质量控制结果，提示和方便医生书写病历。 +--------------------------------------------
1090,D1,D1 快赢——已提供大部，缺口已枚举,部分响应,护理与病历文书,按缺口清单补齐后申请上调（成本低、★ 密度高者优先成版）,说明列描述了已有能力并逐项列出缺口（子项缺）,是,存储多种格式：可将病历存储为pdf、html、xml等格式，借助于编辑器或相应的工具打开病历。 +-------------------------------
1092,D1,D1 快赢——已提供大部，缺口已枚举,部分响应,护理与病历文书,按缺口清单补齐后申请上调（成本低、★ 密度高者优先成版）,说明列描述了已有能力并逐项列出缺口（子项缺）,是,病历内容自动完成引用：病历增加时借助引用数据源自动完成带出病人已有的信息，如姓名、门诊号等基础信息，并且也能够带出其他病历中已有的信息，如将门诊病历中的主诉自动
1094,D1,D1 快赢——已提供大部，缺口已枚举,部分响应,其他,按缺口清单补齐后申请上调（成本低、★ 密度高者优先成版）,说明列描述了已有能力并逐项列出缺口（子项缺）,是,病程记录合并修改：兼容病程记录合并预先查阅和修改、打印，按照病程记录的记录时间排序，方便医生书写。 +-----------------------------
1095,D1,D1 快赢——已提供大部，缺口已枚举,部分响应,护理与病历文书,按缺口清单补齐后申请上调（成本低、★ 密度高者优先成版）,说明列描述了已有能力并逐项列出缺口（子项缺）,是,病历存为模板、疾病组：可将当前病历存为模板，一般能够存为科室模板和个人模板；并且兼容将患者病历存为疾病组。 +-------------------------
1096,D1,D1 快赢——已提供大部，缺口已枚举,部分响应,护理与病历文书,按缺口清单补齐后申请上调（成本低、★ 密度高者优先成版）,说明列描述了已有能力并逐项列出缺口（子项缺）,是,全文检索：兼容病历内容全文检索，借助病历全文检索系统能够检索病历。 +---------------------------------------------
1098,D1,D1 快赢——已提供大部，缺口已枚举,部分响应,护理与病历文书,按缺口清单补齐后申请上调（成本低、★ 密度高者优先成版）,说明列描述了已有能力并逐项列出缺口（子项缺）,是,检索结构化元素内容接口通道：给予检索门急诊病历中某个结构化元素内容的接口通道，借助接口通道能够检索到结构化元素的书写内容。 +-----------------
1099,D1,D1 快赢——已提供大部，缺口已枚举,部分响应,护理与病历文书,按缺口清单补齐后申请上调（成本低、★ 密度高者优先成版）,说明列描述了已有能力并逐项列出缺口（子项缺）,是,病历锁定与取消锁定接口通道：给予门急诊病历锁定与取消锁定的接口通道，病历锁定后将不能修改，如需修改，能够向质控平台申请，申请通过后才能编辑病历。 +------
1108,D1,D1 快赢——已提供大部，缺口已枚举,部分响应,门急诊与住院业务,按缺口清单补齐后申请上调（成本低、★ 密度高者优先成版）,说明列描述了已有能力并逐项列出缺口（子项缺）,是,在门诊发药管理中，系统支持西药、中成药、中草药分设不同药房发药，或在同一个药房内完成所有发药。整个流程包括发药、核对确认以及自动扣减相应库存的功能。 +----
1109,D1,D1 快赢——已提供大部，缺口已枚举,部分响应,医保 DRG 结算,按缺口清单补齐后申请上调（成本低、★ 密度高者优先成版）,说明列描述了已有能力并逐项列出缺口（子项缺）,是,在发药时，系统能够自动获取并展示药品的详细信息，包括名称、规格、批号、价格、生产厂家、药品来源、剂型、属性、类别、医保编码，以及领药人、开方医生和对应的门诊患者
1112,D1,D1 快赢——已提供大部，缺口已枚举,部分响应,药事与药房,按缺口清单补齐后申请上调（成本低、★ 密度高者优先成版）,说明列描述了已有能力并逐项列出缺口（子项缺）,是,药师可以通过一个统一界面查看当前药房所有已开启的窗口以及正在工作的配药人员，并能够在此界面上直接进行窗口的开启/关闭以及配药人员工作状态的调整。 +------
1122,D1,D1 快赢——已提供大部，缺口已枚举,部分响应,门急诊与住院业务,按缺口清单补齐后申请上调（成本低、★ 密度高者优先成版）,说明列描述了已有能力并逐项列出缺口（子项缺）,是,在发药流程的质量管理环节，系统通过与合理用药系统对接，自动进行用药审查，对用药禁忌、并发症、不良反应等用药安全问题进行质量控制。同时，基于过敏药物管理制度，对未
1130,D1,D1 快赢——已提供大部，缺口已枚举,部分响应,门急诊与住院业务,按缺口清单补齐后申请上调（成本低、★ 密度高者优先成版）,说明列描述了已有能力并逐项列出缺口（子项缺）,是,在配药质量管理环节，系统基于药品使用准则，对未做皮试或皮试结果阳性等异常处方的配药操作提供额外的控制功能，确保用药安全。 +------------------
1131,D1,D1 快赢——已提供大部，缺口已枚举,部分响应,门急诊与住院业务,按缺口清单补齐后申请上调（成本低、★ 密度高者优先成版）,说明列描述了已有能力并逐项列出缺口（子项缺）,是,在门诊退药模式中，根据实际需要退回的药品数量和种类，系统支持部分退药或全部退药。部分退药后，原已发药的数据将被作废，并自动生成一条新的、扣减了退药数量的发药数据
1140,D1,D1 快赢——已提供大部，缺口已枚举,部分响应,门急诊与住院业务,按缺口清单补齐后申请上调（成本低、★ 密度高者优先成版）,说明列描述了已有能力并逐项列出缺口（子项缺）,是,在处方审核模式中，系统同时支持人工审核和自动审核两种方式。人工审核由药师在系统中操作完成；自动审核则通过与合理用药系统的接口，由系统自动完成处方审查。在审核操作
1149,D1,D1 快赢——已提供大部，缺口已枚举,部分响应,药事与药房,按缺口清单补齐后申请上调（成本低、★ 密度高者优先成版）,说明列描述了已有能力并逐项列出缺口（子项缺）,是,系统支持对来自同一生产厂家的药品，按照不同的生产批号、采购价格和有效期进行精细化的分批次入库管理。 +-----------------------------
1153,D1,D1 快赢——已提供大部，缺口已枚举,部分响应,门急诊与住院业务,按缺口清单补齐后申请上调（成本低、★ 密度高者优先成版）,说明列描述了已有能力并逐项列出缺口（子项缺）,是,系统提供了对门诊药房库存进行全面盘点的功能，并支持按照药品分类、存放库位、剂型等不同维度来组织和进行盘点。 +-------------------------
1154,D1,D1 快赢——已提供大部，缺口已枚举,部分响应,药事与药房,按缺口清单补齐后申请上调（成本低、★ 密度高者优先成版）,说明列描述了已有能力并逐项列出缺口（子项缺）,是,盘点范围不仅限于当前有库存的药品，也支持将当前库存为零的药品以及当前处于禁用状态的药品纳入盘点清单，以保证库存账目的完整性。 +----------------
1170,D1,D1 快赢——已提供大部，缺口已枚举,部分响应,门急诊与住院业务,按缺口清单补齐后申请上调（成本低、★ 密度高者优先成版）,说明列描述了已有能力并逐项列出缺口（子项缺）,是,在库房管理模块中，系统提供多种基本的统计查询功能，包括门诊药房库存查询、药品价格信息查询、门诊发药记录查询、申领历史查询、药房账簿查询、汇总月报、库存日报、失效
1171,D1,D1 快赢——已提供大部，缺口已枚举,部分响应,药事与药房,按缺口清单补齐后申请上调（成本低、★ 密度高者优先成版）,说明列描述了已有能力并逐项列出缺口（子项缺）,是,在库房效期管理中，系统提供药品有效期的自动报警功能，能够统计即将过期和已过期药品的品种数量及金额，并对库存量不足的药品进行提示。 +--------------
1414,D1,D1 快赢——已提供大部，缺口已枚举,部分响应,护理与病历文书,按缺口清单补齐后申请上调（成本低、★ 密度高者优先成版）,说明列描述了已有能力并逐项列出缺口（子项缺）,是,护理文书生成支持预设项目自动匹配或人工勾选两种模式，确保文书内容无偏差、无遗漏；可对接医院无纸化病案系统实现文书电子化归档，同时支持通过打印机输出纸质记录单，兼
1417,D1,D1 快赢——已提供大部，缺口已枚举,部分响应,门急诊与住院业务,按缺口清单补齐后申请上调（成本低、★ 密度高者优先成版）,说明列描述了已有能力并逐项列出缺口（子项缺）,否,手术室内区域电子看板屏支持多院区、多住院楼手术信息同步展示，可实时查看手术排程详情及各手术进程动态，清晰呈现每个手术间的具体进展（含患者入室、麻醉开始、手术开始
1419,D1,D1 快赢——已提供大部，缺口已枚举,部分响应,其他,按缺口清单补齐后申请上调（成本低、★ 密度高者优先成版）,说明列描述了已有能力并逐项列出缺口（子项缺）,否,患者家属等待区域电子看板屏聚焦家属核心需求，与手术室内看板屏进行功能区分，仅展示病房等待、手术中、返回病房等基础手术状态，简洁明了，方便家属快速获取患者手术进展
1438,D1,D1 快赢——已提供大部，缺口已枚举,部分响应,数据治理与报表指标,按缺口清单补齐后申请上调（成本低、★ 密度高者优先成版）,说明列描述了已有能力并逐项列出缺口（子项缺）,是,统计指定时间段内开展的手术及手术数量，手术名称以ICD-9字典为标准，可查看各项数据的取值明细。 +------------------------------
1450,D1,D1 快赢——已提供大部，缺口已枚举,部分响应,其他,按缺口清单补齐后申请上调（成本低、★ 密度高者优先成版）,说明列描述了已有能力并逐项列出缺口（子项缺）,是,统计指定时间段内发生的不良事件名称、发生数量，包含取值明细。 +------------------------------------------------
1451,D1,D1 快赢——已提供大部，缺口已枚举,部分响应,权限审计与系统运维,按缺口清单补齐后申请上调（成本低、★ 密度高者优先成版）,说明列描述了已有能力并逐项列出缺口（子项缺）,是,系统整体采用用户、角色、功能权限的多层级管理方式，实现对功能、数据、业务的全面管理。 +------------------------------------
1452,D1,D1 快赢——已提供大部，缺口已枚举,部分响应,权限审计与系统运维,按缺口清单补齐后申请上调（成本低、★ 密度高者优先成版）,说明列描述了已有能力并逐项列出缺口（子项缺）,是,提供操作日志管理功能，日志可记录并呈现用户在系统内的所有操作（包括操作人、操作时间、操作内容等）。 +-----------------------------
1453,D1,D1 快赢——已提供大部，缺口已枚举,部分响应,数据治理与报表指标,按缺口清单补齐后申请上调（成本低、★ 密度高者优先成版）,说明列描述了已有能力并逐项列出缺口（子项缺）,是,支持基础数据的管理及更新，包括但不限于用户信息、字典信息、麻醉信息、耗材信息、药品信息、器械信息、管路信息等。 +-----------------------
1857,D1,D1 快赢——已提供大部，缺口已枚举,部分响应,医技检验影像,按缺口清单补齐后申请上调（成本低、★ 密度高者优先成版）,说明列描述了已有能力并逐项列出缺口（子项缺）,是,系统支持与中心血站、HIS、LIS、集成平台等开放接口对接。 +-------------------------------+----------------
1878,D1,D1 快赢——已提供大部，缺口已枚举,部分响应,其他,按缺口清单补齐后申请上调（成本低、★ 密度高者优先成版）,说明列描述了已有能力并逐项列出缺口（子项缺）,是,科室会诊情况明细统计。 +-------------------------------------------------------------------
2010,D1,D1 快赢——已提供大部，缺口已枚举,部分响应,护理与病历文书,按缺口清单补齐后申请上调（成本低、★ 密度高者优先成版）,说明列描述了已有能力并逐项列出缺口（子项缺）,是,为方便医生随时随地能为患者服务，满足医生在不同场景便捷的为患者服务。手机移动端基于APP构建医生互联网诊疗服务移动端入口，主要功能住院病人一览表、医嘱查看、报告
2011,D1,D1 快赢——已提供大部，缺口已枚举,部分响应,护理与病历文书,按缺口清单补齐后申请上调（成本低、★ 密度高者优先成版）,说明列描述了已有能力并逐项列出缺口（子项缺）,是,医生能够进入住院病人一览表进行病人管控，显示姓名、床位、性别、年龄、住院号、护理级别、住院天数、病人类型（如：医保病人、新农合病人等）、主治医生、总费用、预交金
2014,D1,D1 快赢——已提供大部，缺口已枚举,部分响应,护理与病历文书,按缺口清单补齐后申请上调（成本低、★ 密度高者优先成版）,说明列描述了已有能力并逐项列出缺口（子项缺）,是,病历管控及病历质控。 +--------------------------------------------------------------------
2018,D1,D1 快赢——已提供大部，缺口已枚举,部分响应,护理与病历文书,按缺口清单补齐后申请上调（成本低、★ 密度高者优先成版）,说明列描述了已有能力并逐项列出缺口（子项缺）,是,所有数据与病历质控系统实时同步。 +--------------------------------------------------------------
2019,D1,D1 快赢——已提供大部，缺口已枚举,部分响应,门急诊与住院业务,按缺口清单补齐后申请上调（成本低、★ 密度高者优先成版）,说明列描述了已有能力并逐项列出缺口（子项缺）,是,展示当前住院患者的手术状态，包含姓名、手术状态、住院号、入室时间、出手术室时间、手术开始时间、手术结束时间、入恢复室时间、出恢复室时间、外科期望时间。 +---
2022,D1,D1 快赢——已提供大部，缺口已枚举,部分响应,医技检验影像,按缺口清单补齐后申请上调（成本低、★ 密度高者优先成版）,说明列描述了已有能力并逐项列出缺口（子项缺）,是,能够浏览检查报告列表及报告详情。 +--------------------------------------------------------------
2023,D1,D1 快赢——已提供大部，缺口已枚举,部分响应,医技检验影像,按缺口清单补齐后申请上调（成本低、★ 密度高者优先成版）,说明列描述了已有能力并逐项列出缺口（子项缺）,是,能够浏览检验报告列表及报告详情。支持查看PDF格式的检验报告，可以对检验报告PDF进行扩大、缩放查看。 +---------------------------
2027,D1,D1 快赢——已提供大部，缺口已枚举,部分响应,门急诊与住院业务,按缺口清单补齐后申请上调（成本低、★ 密度高者优先成版）,说明列描述了已有能力并逐项列出缺口（子项缺）,是,医生通过医嘱管控浏览当前病人的所有医嘱数据资料。 +------------------------------------------------------
2030,D1,D1 快赢——已提供大部，缺口已枚举,部分响应,门急诊与住院业务,按缺口清单补齐后申请上调（成本低、★ 密度高者优先成版）,说明列描述了已有能力并逐项列出缺口（子项缺）,是,能够新开医嘱，能够作废、停止、删除医嘱功能。并更多采用点击方式予以完成，减少医生手动输入。 +---------------------------------
2031,D1,D1 快赢——已提供大部，缺口已枚举,部分响应,门急诊与住院业务,按缺口清单补齐后申请上调（成本低、★ 密度高者优先成版）,说明列描述了已有能力并逐项列出缺口（子项缺）,是,实时院内住院科室的所有可用床位，可看到每张床的使用情况。支持查看床位总数，已用床位数和可用床位数；支持根据医院的要求，控制显示编制床位或其他床位；单击科室床位可
2032,D1,D1 快赢——已提供大部，缺口已枚举,部分响应,门急诊与住院业务,按缺口清单补齐后申请上调（成本低、★ 密度高者优先成版）,说明列描述了已有能力并逐项列出缺口（子项缺）,否,查询我的住院病人费用明细，根据病人病情关注费用是否合理。查看病人费用明细，单价、数量、金额等明细。能根据时间区域进行查询。 +-----------------
2033,D1,D1 快赢——已提供大部，缺口已枚举,部分响应,护理与病历文书,按缺口清单补齐后申请上调（成本低、★ 密度高者优先成版）,说明列描述了已有能力并逐项列出缺口（子项缺）,是,实时查询我的门诊预约病人及门诊病人治疗情况，方便医生提高工作质量及工作水平。支持查看门诊患者病历、检查检验报告。 +----------------------
2034,D1,D1 快赢——已提供大部，缺口已枚举,部分响应,数据治理与报表指标,按缺口清单补齐后申请上调（成本低、★ 密度高者优先成版）,说明列描述了已有能力并逐项列出缺口（子项缺）,是,支持按照时间段查看工作量统计报表（含门诊、住院）。 +-----------------------------------------------------
2036,D1,D1 快赢——已提供大部，缺口已枚举,部分响应,其他,按缺口清单补齐后申请上调（成本低、★ 密度高者优先成版）,说明列描述了已有能力并逐项列出缺口（子项缺）,是,对接体检系统，实时查询病人体检报告详情结果， +--------------------------------------------------------
2037,D1,D1 快赢——已提供大部，缺口已枚举,部分响应,药事与药房,按缺口清单补齐后申请上调（成本低、★ 密度高者优先成版）,说明列描述了已有能力并逐项列出缺口（子项缺）,是,支持统计一段时间内医生的工作量情况，包括就诊人次、开药品合计、开处置合计、收入院人次、就诊率、药品开单率等。支持文字和图表两种方式的展示。 +---------
2038,D1,D1 快赢——已提供大部，缺口已枚举,部分响应,门急诊与住院业务,按缺口清单补齐后申请上调（成本低、★ 密度高者优先成版）,说明列描述了已有能力并逐项列出缺口（子项缺）,是,查看当前医生所属业务科室的会诊申请记录，包含：住院患者基本信息（姓名、性别、年龄、床位号、主治医生、入院天数、住院科室、出生日期、入院时间、住院号、诊断结果、病
2144,D1,D1 快赢——已提供大部，缺口已枚举,部分响应,数据治理与报表指标,按缺口清单补齐后申请上调（成本低、★ 密度高者优先成版）,说明列描述了已有能力并逐项列出缺口（子项缺）,是,支持统计报表打印功能，所有统计报表均支持预览和打印输出，支持导出为Excel格式，便于数据进一步分析处理；内置标准统计报表，也可根据医院实际需要定制统计报表。 
2437,D1,D1 快赢——已提供大部，缺口已枚举,部分响应,数据治理与报表指标,按缺口清单补齐后申请上调（成本低、★ 密度高者优先成版）,说明列描述了已有能力并逐项列出缺口（子项缺）,是,实现了对基本数据元数据的详细信息的预览，以及对数据元的基本信息的修改，删除无用的数据元等功能。 （2）指标库管理：
2438,D1,D1 快赢——已提供大部，缺口已枚举,部分响应,数据治理与报表指标,按缺口清单补齐后申请上调（成本低、★ 密度高者优先成版）,说明列描述了已有能力并逐项列出缺口（子项缺）,是,通过列表展示了全部的指标库，可以根据条件搜索满足条件的数据。
2446,D1,D1 快赢——已提供大部，缺口已枚举,部分响应,护理与病历文书,按缺口清单补齐后申请上调（成本低、★ 密度高者优先成版）,说明列描述了已有能力并逐项列出缺口（子项缺）,是,通过分页表格展示了系统使用到的参数，可根据参数编码和参数名称查询，可对参数值进行修改。 病历模版 （1）模板管理
2447,D1,D1 快赢——已提供大部，缺口已枚举,部分响应,权限审计与系统运维,按缺口清单补齐后申请上调（成本低、★ 密度高者优先成版）,说明列描述了已有能力并逐项列出缺口（子项缺）,是,可根据权限的不同查询到不同的模板，根据使用范围模板分为全局模板、全院模板、科室模板、个人模板。
2454,D1,D1 快赢——已提供大部，缺口已枚举,部分响应,护理与病历文书,按缺口清单补齐后申请上调（成本低、★ 密度高者优先成版）,说明列描述了已有能力并逐项列出缺口（子项缺）,是,提供常用急诊病历、抢救记录、留观病人转入文书记录功能。
2455,D1,D1 快赢——已提供大部，缺口已枚举,部分响应,护理与病历文书,按缺口清单补齐后申请上调（成本低、★ 密度高者优先成版）,说明列描述了已有能力并逐项列出缺口（子项缺）,是,新增病历：通过选择病历模板新增病历，也可通过既往病历新增病历，支持门诊病历、急诊留观病历等病历文书建立并书写。
2457,D1,D1 快赢——已提供大部，缺口已枚举,部分响应,护理与病历文书,按缺口清单补齐后申请上调（成本低、★ 密度高者优先成版）,说明列描述了已有能力并逐项列出缺口（子项缺）,是,暂存与提交：支持暂存和提交两种保存方式，暂存表示病历尚未书写完成，提交表示病历已书写完成，提交后再修改病历会保留修改痕迹。
2460,D1,D1 快赢——已提供大部，缺口已枚举,部分响应,其他,按缺口清单补齐后申请上调（成本低、★ 密度高者优先成版）,说明列描述了已有能力并逐项列出缺口（子项缺）,是,录入诊断：支持中西医诊断录入，西医采用icd标准诊断，诊断可添加前后缀；支持保存常用诊断，从常用诊断中选择诊断等功能。
2462,D1,D1 快赢——已提供大部，缺口已枚举,部分响应,护理与病历文书,按缺口清单补齐后申请上调（成本低、★ 密度高者优先成版）,说明列描述了已有能力并逐项列出缺口（子项缺）,是,病历签名：支持多种医师签名方式，如自定义图片签名，文本签名；可与第三方CA签名接口对接，实现CA签名。
2463,D1,D1 快赢——已提供大部，缺口已枚举,部分响应,护理与病历文书,按缺口清单补齐后申请上调（成本低、★ 密度高者优先成版）,说明列描述了已有能力并逐项列出缺口（子项缺）,是,修改痕迹：支持三级医师的修改痕迹管理功能，病历提交后所有的修改痕迹都会保留下来，包括修改方式、修改内容、修改人姓名及工号、修改时间等，可通过菜单选择是否显示修改
2464,D1,D1 快赢——已提供大部，缺口已枚举,部分响应,护理与病历文书,按缺口清单补齐后申请上调（成本低、★ 密度高者优先成版）,说明列描述了已有能力并逐项列出缺口（子项缺）,否,病历打印：支持病历预览、续打、合并打印、选择区域打印。
2465,D1,D1 快赢——已提供大部，缺口已枚举,部分响应,护理与病历文书,按缺口清单补齐后申请上调（成本低、★ 密度高者优先成版）,说明列描述了已有能力并逐项列出缺口（子项缺）,是,查看质控结果：支持查看病历的质控结果，提醒和方便医生书写病历。
2466,D1,D1 快赢——已提供大部，缺口已枚举,部分响应,护理与病历文书,按缺口清单补齐后申请上调（成本低、★ 密度高者优先成版）,说明列描述了已有能力并逐项列出缺口（子项缺）,是,保存多种格式：支持将病历保存为pdf、html、xml等格式，可通过编辑器或相应的工具打开病历。 （2）书写助手
2472,D1,D1 快赢——已提供大部，缺口已枚举,部分响应,护理与病历文书,按缺口清单补齐后申请上调（成本低、★ 密度高者优先成版）,说明列描述了已有能力并逐项列出缺口（子项缺）,是,全文查找：支持病历内容全文查找，通过病历全文检索系统可检索病历。
2473,D1,D1 快赢——已提供大部，缺口已枚举,部分响应,护理与病历文书,按缺口清单补齐后申请上调（成本低、★ 密度高者优先成版）,说明列描述了已有能力并逐项列出缺口（子项缺）,是,病历调阅及打印。
2508,D1,D1 快赢——已提供大部，缺口已枚举,部分响应,病理 PIS,按缺口清单补齐后申请上调（成本低、★ 密度高者优先成版）,说明列描述了已有能力并逐项列出缺口（子项缺）,是,提供标准HIS接口，全面支持临床端电子病理申请单的在线接收，兼容常规、细胞学、TCT及冰冻预约等业务。 +---------------------------
2509,D1,D1 快赢——已提供大部，缺口已枚举,部分响应,其他,按缺口清单补齐后申请上调（成本低、★ 密度高者优先成版）,说明列描述了已有能力并逐项列出缺口（子项缺）,是,支持申请单数据一致化处理，确保患者资料在系统间同步准确。 +--------------------------------------------------
2512,D1,D1 快赢——已提供大部，缺口已枚举,部分响应,其他,按缺口清单补齐后申请上调（成本低、★ 密度高者优先成版）,说明列描述了已有能力并逐项列出缺口（子项缺）,是,支持多维度业务表单分类管理，内置多套标准模板并具备强大的表单定义引擎，支持格式的动态定制。 +---------------------------------
2513,D1,D1 快赢——已提供大部，缺口已枚举,部分响应,护理与病历文书,按缺口清单补齐后申请上调（成本低、★ 密度高者优先成版）,说明列描述了已有能力并逐项列出缺口（子项缺）,是,支持集成360视图平台，实现患者电子病历与全量诊疗数据的实时查阅，并允许在冰冻预约阶段提前调阅检查资料。 +--------------------------
2514,D1,D1 快赢——已提供大部，缺口已枚举,部分响应,病理 PIS,按缺口清单补齐后申请上调（成本低、★ 密度高者优先成版）,说明列描述了已有能力并逐项列出缺口（子项缺）,是,支持按HIS或体检来源快速接诊，提供集成化的标本核对界面，验证通过后一键完成登记并自动分配病理号。 +-----------------------------
2520,D1,D1 快赢——已提供大部，缺口已枚举,部分响应,病理 PIS,按缺口清单补齐后申请上调（成本低、★ 密度高者优先成版）,说明列描述了已有能力并逐项列出缺口（子项缺）,是,支持已登记病理数据的全局查询，实现病理登记记录的快速定位与详情检索。 +--------------------------------------------
2530,D1,D1 快赢——已提供大部，缺口已枚举,部分响应,病理 PIS,按缺口清单补齐后申请上调（成本低、★ 密度高者优先成版）,说明列描述了已有能力并逐项列出缺口（子项缺）,是,支持文字化记录完整的取材过程信息，确保描述内容的结构化存储与调阅。 +---------------------------------------------
2542,D1,D1 快赢——已提供大部，缺口已枚举,部分响应,病理 PIS,按缺口清单补齐后申请上调（成本低、★ 密度高者优先成版）,说明列描述了已有能力并逐项列出缺口（子项缺）,是,提供病理登记全局视图，通过差异化配色实时标识检查进度，并利用直观图标区分单据及标签的打印完成情况。 +-----------------------------
2547,D1,D1 快赢——已提供大部，缺口已枚举,部分响应,门急诊与住院业务,按缺口清单补齐后申请上调（成本低、★ 密度高者优先成版）,说明列描述了已有能力并逐项列出缺口（子项缺）,是,支持完善的报告录入体系，涵盖初步诊断、正式诊断建议及补充医嘱等多元化信息记录。 +---------------------------------------
2557,D1,D1 快赢——已提供大部，缺口已枚举,部分响应,护理与病历文书,按缺口清单补齐后申请上调（成本低、★ 密度高者优先成版）,说明列描述了已有能力并逐项列出缺口（子项缺）,是,支持调阅患者全景信息，集成临床诊断、检体资料、原始申请单及电子病历数据，提供360度临床视图参考。 +-----------------------------
2559,D1,D1 快赢——已提供大部，缺口已枚举,部分响应,其他,按缺口清单补齐后申请上调（成本低、★ 密度高者优先成版）,说明列描述了已有能力并逐项列出缺口（子项缺）,是,支持个性化诊断模板的构建与维护，通过双击操作即可快速调用并填充结构化诊断内容。 +---------------------------------------
2562,D1,D1 快赢——已提供大部，缺口已枚举,部分响应,病理 PIS,按缺口清单补齐后申请上调（成本低、★ 密度高者优先成版）,说明列描述了已有能力并逐项列出缺口（子项缺）,是,支持与院内移动服务及自助终端无缝联通，通过开放接口将病理诊断结果推送至小程序、公众号及自助一体机，实现患者跨平台、多终端的报告查阅与获取。 +---------
2572,D1,D1 快赢——已提供大部，缺口已枚举,部分响应,其他,按缺口清单补齐后申请上调（成本低、★ 密度高者优先成版）,说明列描述了已有能力并逐项列出缺口（子项缺）,是,危急值管控。 +------------------------------------------------------------------------
2574,D1,D1 快赢——已提供大部，缺口已枚举,部分响应,其他,按缺口清单补齐后申请上调（成本低、★ 密度高者优先成版）,说明列描述了已有能力并逐项列出缺口（子项缺）,是,支持危急值上报记录的全局审阅，可实时汇总并追踪所有高风险病例的通知状态与临床反馈。 +-------------------------------------
3467,D1,D1 快赢——已提供大部，缺口已枚举,部分响应,其他,按缺口清单补齐后申请上调（成本低、★ 密度高者优先成版）,说明列描述了已有能力并逐项列出缺口（子项缺）,是,支持可是人员班时、班次和质控信息的统计。 +-------------------------------+--------------------------
3925,D1,D1 快赢——已提供大部，缺口已枚举,部分响应,其他,按缺口清单补齐后申请上调（成本低、★ 密度高者优先成版）,说明列描述了已有能力并逐项列出缺口（子项缺）,是,支持查询高值耗材的出入库记录。 +-------------------------------+-------------------------------
183,D2,D2 真欠账——需排期评估,部分响应,数据治理与报表指标,按主题成版排期；排期前先确认该条是否值得为评标而建,说明列为「本条所述…未提供」（整条缺）,是,"通过采用警示类型的设置，对审查出的不合理问题按照错误类型进行问题归类。支持审查的问题有""用药建议、用药提醒、管理规定、适宜性分析、规范性分析、超常性分析""等。支"
184,D2,D2 真欠账——需排期评估,部分响应,数据治理与报表指标,按主题成版排期；排期前先确认该条是否值得为评标而建,说明列为「本条所述…未提供」（整条缺）,是,将检验指标与相关药品进行关联，实现检验指标在该药品用法用量、禁忌症、相互作用审查中的应用； <!-- -->
188,D2,D2 真欠账——需排期评估,部分响应,门急诊与住院业务,按主题成版排期；排期前先确认该条是否值得为评标而建,说明列为「本条所述…未提供」（整条缺）,是,实现处方/医嘱药品的给药途径的合理性的审查；
189,D2,D2 真欠账——需排期评估,部分响应,权限审计与系统运维,按主题成版排期；排期前先确认该条是否值得为评标而建,说明列为「本条所述…未提供」（整条缺）,是,对门急诊患者处方中使用的口服剂型药品（排除肠内营养制剂），审查其给药途径是否为鼻饲、造瘘管滴入，提醒用户可能存在给药途径不合理的问题。 用法用量的审查
190,D2,D2 真欠账——需排期评估,部分响应,数据治理与报表指标,按主题成版排期；排期前先确认该条是否值得为评标而建,说明列为「本条所述…未提供」（整条缺）,是,系统支持根据患者年龄、性别、体重、体表面积、孕产、诊断、各项检验指标，结合药品的给药途径等信息对药品剂量进行合理性审查；
196,D2,D2 真欠账——需排期评估,部分响应,门急诊与住院业务,按主题成版排期；排期前先确认该条是否值得为评标而建,说明列为「本条所述…未提供」（整条缺）,是,其中，支持长期医嘱和临时医嘱（st、once）的单次剂量的分别审查；
197,D2,D2 真欠账——需排期评估,部分响应,数据治理与报表指标,按主题成版排期；排期前先确认该条是否值得为评标而建,说明列为「本条所述…未提供」（整条缺）,是,系统支持根据患者年龄、性别、体重、体表面积、孕产、诊断、各项检验指标对药品给药频率、给药时机、进行合理性审查；
200,D2,D2 真欠账——需排期评估,部分响应,药事与药房,按主题成版排期；排期前先确认该条是否值得为评标而建,说明列为「本条所述…未提供」（整条缺）,是,实现校正剂量（覆盖除肿瘤药品外的口服药品）的审查，通过对涉及体重、体表面积计算出的非整数剂量的校正，提高审查准确率（如某药品根据体重、体表面积计算出患者应使用0
203,D2,D2 真欠账——需排期评估,部分响应,门急诊与住院业务,按主题成版排期；排期前先确认该条是否值得为评标而建,说明列为「本条所述…未提供」（整条缺）,是,在住院医嘱用药时，支持按在用药品配置药品累计使用最大天数的管控；
204,D2,D2 真欠账——需排期评估,部分响应,药事与药房,按主题成版排期；排期前先确认该条是否值得为评标而建,说明列为「本条所述…未提供」（整条缺）,是,触发审查时，超出用药天数的限制，给予医生提醒。 相互作用的审查
208,D2,D2 真欠账——需排期评估,部分响应,药事与药房,按主题成版排期；排期前先确认该条是否值得为评标而建,说明列为「本条所述…未提供」（整条缺）,是,实现治疗感冒的中成药与滋补性中成药的审查，可能存在不良相互作用。 重复用药的审查（重复开具、重复治疗）
215,D2,D2 真欠账——需排期评估,部分响应,医技检验影像,按主题成版排期；排期前先确认该条是否值得为评标而建,说明列为「本条所述…未提供」（整条缺）,是,根据传入的患者检验及诊断数据判断患者肝功能状态，审查肝功能不全患者是否存在禁用和慎用的药品；
216,D2,D2 真欠账——需排期评估,部分响应,数据治理与报表指标,按主题成版排期；排期前先确认该条是否值得为评标而建,说明列为「本条所述…未提供」（整条缺）,是,通过结合病人的诊断、eGFR指标值（可选择公式： Cockcroft-Gault 公式和CKD-EPI 公式）、是否透析状态等指标，判断患者肾功能状态，审查肾功
218,D2,D2 真欠账——需排期评估,部分响应,门急诊与住院业务,按主题成版排期；排期前先确认该条是否值得为评标而建,说明列为「本条所述…未提供」（整条缺）,是,在获取病人对乙醇过敏，提示病人用药处方中是否存在含有乙醇的药品。 不良反应提醒
220,D2,D2 真欠账——需排期评估,部分响应,门急诊与住院业务,按主题成版排期；排期前先确认该条是否值得为评标而建,说明列为「本条所述…未提供」（整条缺）,是,处方/医嘱中肿瘤注射药品需要避光输注、冲管的，提醒医生用药需要注意该问题；
230,D2,D2 真欠账——需排期评估,部分响应,权限审计与系统运维,按主题成版排期；排期前先确认该条是否值得为评标而建,说明列为「本条所述…未提供」（整条缺）,是,对已上市精、麻、毒、放、高危药品，维护精神药品、麻醉药品、毒性药品、放射性药品、高危药品的属性标志，用户可采用属性进行规则自定义，实现相关药品的管控；
231,D2,D2 真欠账——需排期评估,部分响应,门急诊与住院业务,按主题成版排期；排期前先确认该条是否值得为评标而建,说明列为「本条所述…未提供」（整条缺）,是,提供一类、二类精神药品管控规则模板，可按《处方管理办法》实现用药疗程天数管控；
232,D2,D2 真欠账——需排期评估,部分响应,门急诊与住院业务,按主题成版排期；排期前先确认该条是否值得为评标而建,说明列为「本条所述…未提供」（整条缺）,是,提供麻醉药品提供管控规则模板，可按《处方管理办法》实现用药疗程天数的管控；
236,D2,D2 真欠账——需排期评估,部分响应,数据治理与报表指标,按主题成版排期；排期前先确认该条是否值得为评标而建,说明列为「本条所述…未提供」（整条缺）,是,支持根据根据患者年龄、体重、诊断及检验指标等特征实现对患者能量需求和补液量需求的审查；
244,D2,D2 真欠账——需排期评估,部分响应,权限审计与系统运维,按主题成版排期；排期前先确认该条是否值得为评标而建,说明列为「本条所述…未提供」（整条缺）,是,支持用户自定义规则，可实现对q8h，q12h，q6h等特殊给药频率合理性的审查；
250,D2,D2 真欠账——需排期评估,部分响应,权限审计与系统运维,按主题成版排期；排期前先确认该条是否值得为评标而建,说明列为「本条所述…未提供」（整条缺）,是,"支持用户自定义单病种的用药审查，控制""指定疾病的药品""只能在指定疾病下才能使用；支持用户自定义医保结算管控规则，控制""指定疾病的医保药品""在未患该疾病患者使用医"
480,D2,D2 真欠账——需排期评估,部分响应,数据治理与报表指标,按主题成版排期；排期前先确认该条是否值得为评标而建,说明列为「本条所述…未提供」（整条缺）,是,支持报表导出，导出格式为excel格式，支持配置报表查看、报表生成、报表管理、报表填写的用户权限。 +-----------------------------
541,D2,D2 真欠账——需排期评估,部分响应,门急诊与住院业务,按主题成版排期；排期前先确认该条是否值得为评标而建,说明列为「本条所述…未提供」（整条缺）,是,支持实时更新展示审方工作效率情况及药师排名，支持门诊住院各科室审方任务量排名、问题种类排名。 +-------------------------------+
625,D2,D2 真欠账——需排期评估,部分响应,数据治理与报表指标,按主题成版排期；排期前先确认该条是否值得为评标而建,说明列为「本条所述…未提供」（整条缺）,是,提供数据集浏览功能，可实时查看各数据集的数据采集状态与数据校验结果；支持临床数据中心全局概览展示，同时可对临床数据库中的标准数据集进行统一查阅与浏览。 +---
636,D2,D2 真欠账——需排期评估,部分响应,数据治理与报表指标,按主题成版排期；排期前先确认该条是否值得为评标而建,说明列为「本条所述…未提供」（整条缺）,是,支持根据业务分类、数据源、时间周期等维度筛选检索质检报告，支持查看报告详细明细信息，并可对报告及明细内容进行导出与下载。 +------------------
640,D2,D2 真欠账——需排期评估,部分响应,数据治理与报表指标,按主题成版排期；排期前先确认该条是否值得为评标而建,说明列为「本条所述…未提供」（整条缺）,是,支持查看已建立指标的总体数量，并可按指标分类、归属科室等维度进行汇总统计与展示。 +-------------------------------+------
653,D2,D2 真欠账——需排期评估,部分响应,数据治理与报表指标,按主题成版排期；排期前先确认该条是否值得为评标而建,说明列为「本条所述…未提供」（整条缺）,是,支持对指标可填报月份进行管控，支持对指标分类执行锁定与解锁操作，锁定后对应指标禁止填报。 +-------------------------------+--
703,D2,D2 真欠账——需排期评估,部分响应,数据治理与报表指标,按主题成版排期；排期前先确认该条是否值得为评标而建,说明列为「本条所述…未提供」（整条缺）,是,支持按数据填报的对应科室进行差异化配置，可针对不同科室单独设定专属的审批流程，满足各科室业务流程多样化、个性化的审批管理需求。 （7）字典管理 提供大数据业务系
707,D2,D2 真欠账——需排期评估,部分响应,其他,按主题成版排期；排期前先确认该条是否值得为评标而建,说明列为「本条所述…未提供」（整条缺）,否,负责任务调度执行器的注册及全生命周期管理，支持执行器的新增、编辑等操作，保障执行器稳定运行，为各类任务调度工作提供可靠的基础支撑。 +-------------
717,D2,D2 真欠账——需排期评估,部分响应,其他,按主题成版排期；排期前先确认该条是否值得为评标而建,说明列为「本条所述…未提供」（整条缺）,是,统一对外提供标准接口，包含短信、微信公众号（包含第三方的微信公众号）、邮箱、企业微信、临床工作门户。 +----------------------------
753,D2,D2 真欠账——需排期评估,部分响应,权限审计与系统运维,按主题成版排期；排期前先确认该条是否值得为评标而建,说明列为「本条所述…未提供」（整条缺）,是,同系统内部合并结果查询：支持查询同一业务系统内部患者记录的合并历史、合并关系及具体合并结果，为系统数据核对、审计及问题排查提供支撑。 +------------
884,D2,D2 真欠账——需排期评估,部分响应,医技检验影像,按主题成版排期；排期前先确认该条是否值得为评标而建,说明列为「本条所述…未提供」（整条缺）,是,类型管控：能够一致化his检查类型，并能够根据类型设置预约渠道占比。 +--------------------------------------------
927,D2,D2 真欠账——需排期评估,部分响应,护理与病历文书,按主题成版排期；排期前先确认该条是否值得为评标而建,说明列为「本条所述…未提供」（整条缺）,是,支持随访方式的新增、编辑与删除管理，可根据临床业务需求灵活配置、维护各类随访方式，满足不同场景下的随访业务开展要求。 +--------------------
959,D2,D2 真欠账——需排期评估,部分响应,权限审计与系统运维,按主题成版排期；排期前先确认该条是否值得为评标而建,说明列为「本条所述…未提供」（整条缺）,是,可自由控制接收方是否具备下载权限，防止资料无限制扩散，还能设置是否允许查看历史版本影像。 +----------------------------------
966,D2,D2 真欠账——需排期评估,部分响应,护理与病历文书,按主题成版排期；排期前先确认该条是否值得为评标而建,说明列为「本条所述…未提供」（整条缺）,是,全面展示周期患者就诊信息，查询周期患者列表，能够浏览个人资料、病历、医嘱等信息。 +--------------------------------------
968,D2,D2 真欠账——需排期评估,部分响应,其他,按主题成版排期；排期前先确认该条是否值得为评标而建,说明列为「本条所述…未提供」（整条缺）,是,在接诊病人管理中，支持多病人接诊模式。 +-----------------------------------------------------------
969,D2,D2 真欠账——需排期评估,部分响应,其他,按主题成版排期；排期前先确认该条是否值得为评标而建,说明列为「本条所述…未提供」（整条缺）,是,支持自定义患者信息栏显示信息。 +---------------------------------------------------------------
974,D2,D2 真欠账——需排期评估,部分响应,其他,按主题成版排期；排期前先确认该条是否值得为评标而建,说明列为「本条所述…未提供」（整条缺）,是,能够医生无号就诊，为一些特殊情况患者拥有便利。 +-------------------------------------------------------
976,D2,D2 真欠账——需排期评估,部分响应,其他,按主题成版排期；排期前先确认该条是否值得为评标而建,说明列为「本条所述…未提供」（整条缺）,是,能够诊间加号、转诊、转介、退号等功能。 +-----------------------------------------------------------
982,D2,D2 真欠账——需排期评估,部分响应,其他,按主题成版排期；排期前先确认该条是否值得为评标而建,说明列为「本条所述…未提供」（整条缺）,是,能够在诊断基础上进行前缀、后缀内容的增加。 +---------------------------------------------------------
983,D2,D2 真欠账——需排期评估,部分响应,门急诊与住院业务,按主题成版排期；排期前先确认该条是否值得为评标而建,说明列为「本条所述…未提供」（整条缺）,是,能够门诊诊断的确诊和疑诊标记功能。 +-------------------------------------------------------------
984,D2,D2 真欠账——需排期评估,部分响应,医保 DRG 结算,按主题成版排期；排期前先确认该条是否值得为评标而建,说明列为「本条所述…未提供」（整条缺）,是,能够医保病人特殊病种录入。 +-----------------------------------------------------------------
988,D2,D2 真欠账——需排期评估,部分响应,护理与病历文书,按主题成版排期；排期前先确认该条是否值得为评标而建,说明列为「本条所述…未提供」（整条缺）,是,门诊病历书写支持自动选择科室默认模板，也支持自行选择任一模板进行病历书写。同时支持选择患者历史文书创建新病历。 +-----------------------
989,D2,D2 真欠账——需排期评估,部分响应,护理与病历文书,按主题成版排期；排期前先确认该条是否值得为评标而建,说明列为「本条所述…未提供」（整条缺）,是,提供类WORD书写界面风格、结构化书写、所见即所得。支持文本元素、日期元素、单选元素、多选元素等多种结构化书写格式，支持病历书写时元素的快速跳转。自由文本输入：
990,D2,D2 真欠账——需排期评估,部分响应,其他,按主题成版排期；排期前先确认该条是否值得为评标而建,说明列为「本条所述…未提供」（整条缺）,是,多媒体记录：能够插入图片、音频、视频等多媒体资料，如患者的患处照片、口述录音等。 +--------------------------------------
999,D2,D2 真欠账——需排期评估,部分响应,门急诊与住院业务,按主题成版排期；排期前先确认该条是否值得为评标而建,说明列为「本条所述…未提供」（整条缺）,是,方便医生快捷进行医嘱的开立，拥有处方模板功能，并具有相应当模板编辑功能。 +------------------------------------------
1000,D2,D2 真欠账——需排期评估,部分响应,门急诊与住院业务,按主题成版排期；排期前先确认该条是否值得为评标而建,说明列为「本条所述…未提供」（整条缺）,是,能够协定处方功能，提高医院配方速度和质量。 +---------------------------------------------------------
1004,D2,D2 真欠账——需排期评估,部分响应,药事与药房,按主题成版排期；排期前先确认该条是否值得为评标而建,说明列为「本条所述…未提供」（整条缺）,否,能够多种录入方式：五笔首码、拼音首码、汉字、商品名、通用名、药品编码等。 +------------------------------------------
1006,D2,D2 真欠账——需排期评估,部分响应,门急诊与住院业务,按主题成版排期；排期前先确认该条是否值得为评标而建,说明列为「本条所述…未提供」（整条缺）,是,医师能够输入相关注意事项，所有医嘱均拥有备注功能。 +-----------------------------------------------------
1010,D2,D2 真欠账——需排期评估,部分响应,门急诊与住院业务,按主题成版排期；排期前先确认该条是否值得为评标而建,说明列为「本条所述…未提供」（整条缺）,是,提供针对药品医嘱外送功能。 +-----------------------------------------------------------------
1012,D2,D2 真欠账——需排期评估,部分响应,门急诊与住院业务,按主题成版排期；排期前先确认该条是否值得为评标而建,说明列为「本条所述…未提供」（整条缺）,是,支持草药处方煎法、炮制、治法的选择。 +------------------------------------------------------------
1016,D2,D2 真欠账——需排期评估,部分响应,病理 PIS,按主题成版排期；排期前先确认该条是否值得为评标而建,说明列为「本条所述…未提供」（整条缺）,是,拥有检验申请自动获取病情摘要、诊断，能填写标本类型、采样部位等信息，并根据流向自动获取执行科室。 +------------------------------
1020,D2,D2 真欠账——需排期评估,部分响应,医技检验影像,按主题成版排期；排期前先确认该条是否值得为评标而建,说明列为「本条所述…未提供」（整条缺）,是,支持图文报告查看以及内嵌式影像浏览器接口查看。 +-------------------------------------------------------
1022,D2,D2 真欠账——需排期评估,部分响应,门急诊与住院业务,按主题成版排期；排期前先确认该条是否值得为评标而建,说明列为「本条所述…未提供」（整条缺）,是,拥有门诊会诊申请功能，能够门诊各科室间的会诊申请。 +-----------------------------------------------------
1025,D2,D2 真欠账——需排期评估,部分响应,其他,按主题成版排期；排期前先确认该条是否值得为评标而建,说明列为「本条所述…未提供」（整条缺）,是,能够根据设置给予医生退费功能。 +---------------------------------------------------------------
1026,D2,D2 真欠账——需排期评估,部分响应,医技检验影像,按主题成版排期；排期前先确认该条是否值得为评标而建,说明列为「本条所述…未提供」（整条缺）,是,拥有处方、检验单、检查单、治疗单、导诊单打印功能。 +-----------------------------------------------------
1029,D2,D2 真欠账——需排期评估,部分响应,门急诊与住院业务,按主题成版排期；排期前先确认该条是否值得为评标而建,说明列为「本条所述…未提供」（整条缺）,是,患者如应当住院治疗，医生为患者诊治时，医生能够在门诊医生站直接开具电子入院证，填写相关入院证数据资料。 +---------------------------
1030,D2,D2 真欠账——需排期评估,部分响应,其他,按主题成版排期；排期前先确认该条是否值得为评标而建,说明列为「本条所述…未提供」（整条缺）,是,也能够移动端进行入院预约或缴纳预交金，入院证提交后共享到其他业务平台信息系统，患者能够根据电子入院证办理入院。 +-----------------------
1035,D2,D2 真欠账——需排期评估,部分响应,其他,按主题成版排期；排期前先确认该条是否值得为评标而建,说明列为「本条所述…未提供」（整条缺）,否,拥有病人区域来源分布汇总。 +-----------------------------------------------------------------
1065,D2,D2 真欠账——需排期评估,部分响应,数据治理与报表指标,按主题成版排期；排期前先确认该条是否值得为评标而建,说明列为「本条所述…未提供」（整条缺）,是,实现了对指标库的基础管理能力，例如：增加、修改指定的项目、根据设定条件检索指定的指标库信息和修改指定的指标库信息列表等。 +------------------
1066,D2,D2 真欠账——需排期评估,部分响应,其他,按主题成版排期；排期前先确认该条是否值得为评标而建,说明列为「本条所述…未提供」（整条缺）,是,借助树形结构清晰展示了全部元素库信息的分类，和元素库信息之间的关系等。 +-------------------------------------------
1068,D2,D2 真欠账——需排期评估,部分响应,护理与病历文书,按主题成版排期；排期前先确认该条是否值得为评标而建,说明列为「本条所述…未提供」（整条缺）,是,借助树形结构清晰的呈现了当前的所有的病历分类信息及其互相之间的关联。 +--------------------------------------------
1069,D2,D2 真欠账——需排期评估,部分响应,护理与病历文书,按主题成版排期；排期前先确认该条是否值得为评标而建,说明列为「本条所述…未提供」（整条缺）,是,实现了对分类的基础信息预先查阅，对病历分类的基础信息修改，和增加新的分类。 +-----------------------------------------
1070,D2,D2 真欠账——需排期评估,部分响应,其他,按主题成版排期；排期前先确认该条是否值得为评标而建,说明列为「本条所述…未提供」（整条缺）,是,借助树形结构清晰展示了全部数据源信息的分类，和数据源的其他属性等。 +---------------------------------------------
1072,D2,D2 真欠账——需排期评估,部分响应,其他,按主题成版排期；排期前先确认该条是否值得为评标而建,说明列为「本条所述…未提供」（整条缺）,否,借助分页表格展示了系统应用到的参数，能够依据参数编码和参数名称检索，能够对参数值实施编辑。 +---------------------------------
1075,D2,D2 真欠账——需排期评估,部分响应,其他,按主题成版排期；排期前先确认该条是否值得为评标而建,说明列为「本条所述…未提供」（整条缺）,是,模板兼容具备最小结构化元素，符合文本、数值、复选、单选、多选、日期等结构化录入要求。 +------------------------------------
1076,D2,D2 真欠账——需排期评估,部分响应,其他,按主题成版排期；排期前先确认该条是否值得为评标而建,说明列为「本条所述…未提供」（整条缺）,否,兼容文档修改，字符、段落属性配置，页面版式配置，页眉页脚配置，兼容特殊符号，兼容图文结合性输入，兼容矢量图形绘制和表格。 +------------------
1077,D2,D2 真欠账——需排期评估,部分响应,护理与病历文书,按主题成版排期；排期前先确认该条是否值得为评标而建,说明列为「本条所述…未提供」（整条缺）,是,"具备病人隐私防护手段，对模板病历中表示患者隐私信息的能够配置成""加密展示""。 +----------------------------------------"
1078,D2,D2 真欠账——需排期评估,部分响应,其他,按主题成版排期；排期前先确认该条是否值得为评标而建,说明列为「本条所述…未提供」（整条缺）,是,拥有模板授权能力，使用范围为科室或个人的模板，需要授权到科室或个人后才能使用，需要授权的模板在新建的时候自动完成授权给构建科室或构建人，其他科室或个人如想使用该
1082,D2,D2 真欠账——需排期评估,部分响应,护理与病历文书,按主题成版排期；排期前先确认该条是否值得为评标而建,说明列为「本条所述…未提供」（整条缺）,是,复制/粘贴挑选性控制：借助参数控制不同病人的病历内容是否能够互相复制粘贴操作。 +---------------------------------------
1085,D2,D2 真欠账——需排期评估,部分响应,护理与病历文书,按主题成版排期；排期前先确认该条是否值得为评标而建,说明列为「本条所述…未提供」（整条缺）,是,插入音视频、图片：可在病历书写过程中实时录制语音、视频，并能够进行播放和插入到病历中，并且可插入图片，图文结合性输入，兼容矢量图形绘制修改能力。 +------
1087,D2,D2 真欠账——需排期评估,部分响应,护理与病历文书,按主题成版排期；排期前先确认该条是否值得为评标而建,说明列为「本条所述…未提供」（整条缺）,是,编辑痕迹：兼容三级医师的编辑痕迹管理能力，病历提交后所有的编辑痕迹都会保留下来，包含修改方法、修改内容、修改人姓名及工号、修改时间等，借助于菜单选择是否展示编辑
1101,D2,D2 真欠账——需排期评估,部分响应,护理与病历文书,按主题成版排期；排期前先确认该条是否值得为评标而建,说明列为「本条所述…未提供」（整条缺）,是,门急诊病历书写支持自动选择科室默认模板，也支持自行选择任一模板进行病历书写。同时支持选择患者历史文书创建新病历。 +----------------------
1103,D2,D2 真欠账——需排期评估,部分响应,门急诊与住院业务,按主题成版排期；排期前先确认该条是否值得为评标而建,说明列为「本条所述…未提供」（整条缺）,是,系统需要具备智能的窗口分配策略，能够根据指定药房下已开启的窗口，按照剩余工作量最小化或平均分配的原则，将处方自动分配到各个窗口。 +--------------
1104,D2,D2 真欠账——需排期评估,部分响应,门急诊与住院业务,按主题成版排期；排期前先确认该条是否值得为评标而建,说明列为「本条所述…未提供」（整条缺）,是,支持将特殊类型的处方灵活分配到预先设定的专用窗口。例如，代煎处方、需要快递的处方、精麻药品处方以及毒性药品处方，都可以定向分配至指定的处理窗口。 +------
1106,D2,D2 真欠账——需排期评估,部分响应,门急诊与住院业务,按主题成版排期；排期前先确认该条是否值得为评标而建,说明列为「本条所述…未提供」（整条缺）,是,支持为药房设置一个默认窗口。当药房下所有的常规窗口都关闭时，处方可以自动分配到这个默认窗口进行处理。 +----------------------------
1107,D2,D2 真欠账——需排期评估,部分响应,药事与药房,按主题成版排期；排期前先确认该条是否值得为评标而建,说明列为「本条所述…未提供」（整条缺）,是,系统支持多院区、多机构的管理模式，并提供跨院区、跨药房的发药功能，方便患者在任一指定地点取药。 +-------------------------------
1110,D2,D2 真欠账——需排期评估,部分响应,药事与药房,按主题成版排期；排期前先确认该条是否值得为评标而建,说明列为「本条所述…未提供」（整条缺）,是,支持根据各个药房的自身管理要求，配置是否需要患者在取药前先进行签到，签到后才能进入发药队列。 +--------------------------------
1111,D2,D2 真欠账——需排期评估,部分响应,药事与药房,按主题成版排期；排期前先确认该条是否值得为评标而建,说明列为「本条所述…未提供」（整条缺）,是,支持按药房配置是否需要药师先进行人工接方操作，接方成功后才能进行后续的配药和发药处理。 +-----------------------------------
1113,D2,D2 真欠账——需排期评估,部分响应,门急诊与住院业务,按主题成版排期；排期前先确认该条是否值得为评标而建,说明列为「本条所述…未提供」（整条缺）,是,发药界面能够对尚未配药、已配药但未核对、处方尚未缴费、以及需要做皮试但尚未完成的处方给出明显提醒，以减少药师与患者、护士之间的沟通成本，提高工作效率。 +---
1114,D2,D2 真欠账——需排期评估,部分响应,药事与药房,按主题成版排期；排期前先确认该条是否值得为评标而建,说明列为「本条所述…未提供」（整条缺）,是,系统支持直接发药、先配药后发药、配药后再核对三种基础发药模式。针对中医药等特殊发药流程，还提供了草药自煎、医院加工（代煎或制膏）、外部公司加工三种取药流程选项，
1115,D2,D2 真欠账——需排期评估,部分响应,门急诊与住院业务,按主题成版排期；排期前先确认该条是否值得为评标而建,说明列为「本条所述…未提供」（整条缺）,是,支持对一张处方按计划分次发药或一次性全部发药。例如对于需要多次输液治疗的处方，可以按照每次的治疗量分次发放，也可以一次将全部药品发给患者。 +---------
1116,D2,D2 真欠账——需排期评估,部分响应,门急诊与住院业务,按主题成版排期；排期前先确认该条是否值得为评标而建,说明列为「本条所述…未提供」（整条缺）,是,支持对门诊配送药品进行集中处理。对于患者可能在多个药房都有药品的情况，系统可以进行统一的集中配送管理。 +---------------------------
1117,D2,D2 真欠账——需排期评估,部分响应,门急诊与住院业务,按主题成版排期；排期前先确认该条是否值得为评标而建,说明列为「本条所述…未提供」（整条缺）,是,支持与外部代煎公司或物流公司进行系统对接，实现待煎药或待制膏药品的批量发药和批量配送功能。例如，在外部公司来院统一取走处方时进行批量发药，或对接第三方物流平台进
1118,D2,D2 真欠账——需排期评估,部分响应,门急诊与住院业务,按主题成版排期；排期前先确认该条是否值得为评标而建,说明列为「本条所述…未提供」（整条缺）,是,支持对代煎药进行业务类型的转换，可以将代煎处方转为非代煎（患者自煎），反之亦然。同时，也支持对代煎费用进行追加收费或退费处理。 +---------------
1119,D2,D2 真欠账——需排期评估,部分响应,门急诊与住院业务,按主题成版排期；排期前先确认该条是否值得为评标而建,说明列为「本条所述…未提供」（整条缺）,是,在发药核对环节，系统支持多种便捷的定位方式：通过扫描患者条形码快速定位待发药处方；支持患者使用就诊卡刷卡定位；也支持输入发票号码，将一整张发票下的所有处方一次性
1120,D2,D2 真欠账——需排期评估,部分响应,门急诊与住院业务,按主题成版排期；排期前先确认该条是否值得为评标而建,说明列为「本条所述…未提供」（整条缺）,是,在发药票据打印方面，系统支持各个打印页面的个性化配置。提供发药前打印、发药后打印、不打印三种处方打印模式，并支持口服药卡、输液单、处方笺的自动打印。 +----
1121,D2,D2 真欠账——需排期评估,部分响应,药事与药房,按主题成版排期；排期前先确认该条是否值得为评标而建,说明列为「本条所述…未提供」（整条缺）,是,支持通过扫描药品码或药品追溯码进行发药。在发药环节扫描追溯码，可以实现对药品流通全过程的监管，并为后续的责任追溯提供依据。 +-----------------
1123,D2,D2 真欠账——需排期评估,部分响应,门急诊与住院业务,按主题成版排期；排期前先确认该条是否值得为评标而建,说明列为「本条所述…未提供」（整条缺）,是,支持在发药前校验患者当前是否还有尚未缴费的处方。如果存在未缴费处方，系统会给出相应的提醒，避免漏收费。 +---------------------------
1124,D2,D2 真欠账——需排期评估,部分响应,药事与药房,按主题成版排期；排期前先确认该条是否值得为评标而建,说明列为「本条所述…未提供」（整条缺）,是,系统支持多院区、多机构的管理模式，并提供跨院区、跨药房的配药功能。 +---------------------------------------------
1125,D2,D2 真欠账——需排期评估,部分响应,门急诊与住院业务,按主题成版排期；排期前先确认该条是否值得为评标而建,说明列为「本条所述…未提供」（整条缺）,是,在门诊配药模式上，系统支持两种方式：一种是不纳入系统严格流程管理的简易配药模式，另一种是纳入系统全流程管理的规范化配药模式。 +----------------
1126,D2,D2 真欠账——需排期评估,部分响应,药事与药房,按主题成版排期；排期前先确认该条是否值得为评标而建,说明列为「本条所述…未提供」（整条缺）,是,在配药流程中，系统支持配药核对功能。即配药人员完成药品配置后，需要经过核对环节确认无误，才算配药工作真正完成。 +-----------------------
1127,D2,D2 真欠账——需排期评估,部分响应,门急诊与住院业务,按主题成版排期；排期前先确认该条是否值得为评标而建,说明列为「本条所述…未提供」（整条缺）,是,在配药队列管理方面，系统支持多人同时进行配药操作。处方缴费后，系统会根据智能化的分配策略（如平均分配、剩余工作量最小等规则）自动将处方分配给不同的配药员。同时，
1128,D2,D2 真欠账——需排期评估,部分响应,门急诊与住院业务,按主题成版排期；排期前先确认该条是否值得为评标而建,说明列为「本条所述…未提供」（整条缺）,是,支持取消配药操作。对于尚未开始配药的处方，可以将其从当前配药员的任务列表中移除，并重新分配给其他正在工作的配药员。 +---------------------
1129,D2,D2 真欠账——需排期评估,部分响应,门急诊与住院业务,按主题成版排期；排期前先确认该条是否值得为评标而建,说明列为「本条所述…未提供」（整条缺）,是,在配药核对环节，系统支持患者通过刷卡定位其待配药处方，也支持通过扫描患者条形码进行快速定位。 +--------------------------------
1132,D2,D2 真欠账——需排期评估,部分响应,其他,按主题成版排期；排期前先确认该条是否值得为评标而建,说明列为「本条所述…未提供」（整条缺）,是,在退药核对环节，支持通过扫描患者的条形码，快速查找出该患者的所有待退药数据，并进行退药处理。 +--------------------------------
1133,D2,D2 真欠账——需排期评估,部分响应,其他,按主题成版排期；排期前先确认该条是否值得为评标而建,说明列为「本条所述…未提供」（整条缺）,是,支持持有就诊卡的患者通过刷卡快速定位其退药信息，进行操作。 +-------------------------------------------------
1134,D2,D2 真欠账——需排期评估,部分响应,其他,按主题成版排期；排期前先确认该条是否值得为评标而建,说明列为「本条所述…未提供」（整条缺）,是,系统支持进行取消退药的处理，以撤销误操作的退药。 +------------------------------------------------------
1135,D2,D2 真欠账——需排期评估,部分响应,其他,按主题成版排期；排期前先确认该条是否值得为评标而建,说明列为「本条所述…未提供」（整条缺）,是,对于已经进行过多次退药操作的复杂情况，系统也支持对这些退药记录进行取消操作。 +----------------------------------------
1136,D2,D2 真欠账——需排期评估,部分响应,门急诊与住院业务,按主题成版排期；排期前先确认该条是否值得为评标而建,说明列为「本条所述…未提供」（整条缺）,是,系统支持取消发药操作。被取消发药的处方将重新回到发药队列，等待后续再次发药。 +----------------------------------------
1137,D2,D2 真欠账——需排期评估,部分响应,药事与药房,按主题成版排期；排期前先确认该条是否值得为评标而建,说明列为「本条所述…未提供」（整条缺）,是,支持通过扫描患者的条形码，快速查找出该患者的待取消发药数据，并进行取消发药处理。 +--------------------------------------
1138,D2,D2 真欠账——需排期评估,部分响应,药事与药房,按主题成版排期；排期前先确认该条是否值得为评标而建,说明列为「本条所述…未提供」（整条缺）,是,支持在退药环节扫描药品追溯码，通过追溯码信息对药品的流通环节进行全程监管，并为后续的责任追溯提供依据。 +---------------------------
1139,D2,D2 真欠账——需排期评估,部分响应,门急诊与住院业务,按主题成版排期；排期前先确认该条是否值得为评标而建,说明列为「本条所述…未提供」（整条缺）,是,在取消发药和门诊退药环节，系统支持进行追溯码扫描操作，并对所退药品是否与原始发放药品一致进行校验，提高操作的准确性。 +--------------------
1142,D2,D2 真欠账——需排期评估,部分响应,医保 DRG 结算,按主题成版排期；排期前先确认该条是否值得为评标而建,说明列为「本条所述…未提供」（整条缺）,是,支持在药房端对尚未完成缴费的患者进行费用结算处理。 +-----------------------------------------------------
1143,D2,D2 真欠账——需排期评估,部分响应,门急诊与住院业务,按主题成版排期；排期前先确认该条是否值得为评标而建,说明列为「本条所述…未提供」（整条缺）,是,对于中草药处方，支持在药房对代煎费进行补充收费或退费操作。 +-------------------------------------------------
1144,D2,D2 真欠账——需排期评估,部分响应,药事与药房,按主题成版排期；排期前先确认该条是否值得为评标而建,说明列为「本条所述…未提供」（整条缺）,是,在药品申领的主流程中，系统涵盖了库存调拨、科室领用、主动出库三种核心业务。并提供了一个集中处理界面，可以统一处理本库房的主动申领入库、申领退药入库和被动接收的出
1145,D2,D2 真欠账——需排期评估,部分响应,药事与药房,按主题成版排期；排期前先确认该条是否值得为评标而建,说明列为「本条所述…未提供」（整条缺）,是,在药品的出入库申领操作中，系统支持通过直接引入当前库房的药品信息，来自动生成库房的申领信息。 +--------------------------------
1146,D2,D2 真欠账——需排期评估,部分响应,药事与药房,按主题成版排期；排期前先确认该条是否值得为评标而建,说明列为「本条所述…未提供」（整条缺）,是,系统支持将多种因素组合成智能计算公式，并依据公式自动计算生成申领信息。这些因素可以包括：当前库房在某一时段的药品消耗量、设定的最高/最低库存标准、以及实时库存量
1147,D2,D2 真欠账——需排期评估,部分响应,药事与药房,按主题成版排期；排期前先确认该条是否值得为评标而建,说明列为「本条所述…未提供」（整条缺）,是,入库单：通过新增、编辑、查看、审核入库请领单向药库申请药品。 +------------------------------------------------
1148,D2,D2 真欠账——需排期评估,部分响应,药事与药房,按主题成版排期；排期前先确认该条是否值得为评标而建,说明列为「本条所述…未提供」（整条缺）,是,在药品入库管理中，系统除了处理常规的药品领用入库外，还支持其他各类入库业务，如药品加工后入库、医院自制药品入库以及盘点盈溢入库等。 +-------------
1150,D2,D2 真欠账——需排期评估,部分响应,其他,按主题成版排期；排期前先确认该条是否值得为评标而建,说明列为「本条所述…未提供」（整条缺）,是,"在进行其他类型入库操作时，系统同样支持同时采用多种包装单位（例如""盒""和""瓶""）进行数量的录入与换算。 +---------------------------"
1151,D2,D2 真欠账——需排期评估,部分响应,药事与药房,按主题成版排期；排期前先确认该条是否值得为评标而建,说明列为「本条所述…未提供」（整条缺）,是,除了常规的科室申领出库，系统还支持其他类型的出库业务，例如药品报损、科室直接领用、以及盘点后产生的盘亏出库等。 +-----------------------
1152,D2,D2 真欠账——需排期评估,部分响应,权限审计与系统运维,按主题成版排期；排期前先确认该条是否值得为评标而建,说明列为「本条所述…未提供」（整条缺）,是,系统在自动扣减库存时，内置了多种出库策略，例如优先出库最早入库的药品（先进先出），或优先出库距离失效期最近的药品（近效期先出）。同时，也支持用户在出库时手动选择
1155,D2,D2 真欠账——需排期评估,部分响应,药事与药房,按主题成版排期；排期前先确认该条是否值得为评标而建,说明列为「本条所述…未提供」（整条缺）,是,为了提高盘点效率，系统支持通过引入预设的盘点模板（包含特定药品列表）来快速生成盘点任务。 +----------------------------------
1156,D2,D2 真欠账——需排期评估,部分响应,其他,按主题成版排期；排期前先确认该条是否值得为评标而建,说明列为「本条所述…未提供」（整条缺）,是,系统支持单人或多人协同进行盘点数据的录入工作，以适应不同规模的盘点任务。 +------------------------------------------
1157,D2,D2 真欠账——需排期评估,部分响应,其他,按主题成版排期；排期前先确认该条是否值得为评标而建,说明列为「本条所述…未提供」（整条缺）,是,在录入盘点数据时，系统支持使用多种包装单位（如盒、瓶、支）进行数量的录入，并自动换算成标准单位。 +------------------------------
1158,D2,D2 真欠账——需排期评估,部分响应,其他,按主题成版排期；排期前先确认该条是否值得为评标而建,说明列为「本条所述…未提供」（整条缺）,是,为了方便操作，系统支持在录入实盘数量时，直接复制当前的账面库存作为起点。盘点任务完成后，系统能够根据实盘与账面的差异，自动生成盘盈入库单和盘亏出库单。 +---
1159,D2,D2 真欠账——需排期评估,部分响应,药事与药房,按主题成版排期；排期前先确认该条是否值得为评标而建,说明列为「本条所述…未提供」（整条缺）,是,在盘点录入过程中，允许操作人员对具体批次药品的账面数量进行调整。 +----------------------------------------------
1161,D2,D2 真欠账——需排期评估,部分响应,药事与药房,按主题成版排期；排期前先确认该条是否值得为评标而建,说明列为「本条所述…未提供」（整条缺）,是,系统支持在盘点过程中，如果发生了发药或退药业务，这些动态数量能够在最终的盘点汇总单上得到体现，确保盘点数据的实时准确。 +-------------------
1162,D2,D2 真欠账——需排期评估,部分响应,药事与药房,按主题成版排期；排期前先确认该条是否值得为评标而建,说明列为「本条所述…未提供」（整条缺）,是,在库存禁用管理中，系统提供了多种禁用模式，包括按批次禁用和按药品禁用等。支持填写药品禁用的原因，并提供取消禁用的功能，以完善库存管理的流程控制。 +------
1163,D2,D2 真欠账——需排期评估,部分响应,药事与药房,按主题成版排期；排期前先确认该条是否值得为评标而建,说明列为「本条所述…未提供」（整条缺）,是,系统提供药品禁用历史记录的查询功能，便于追溯。 +-------------------------------------------------------
1165,D2,D2 真欠账——需排期评估,部分响应,药事与药房,按主题成版排期；排期前先确认该条是否值得为评标而建,说明列为「本条所述…未提供」（整条缺）,是,系统提供针对内部员工的药品借用和归还管理功能。 +-------------------------------------------------------
1166,D2,D2 真欠账——需排期评估,部分响应,药事与药房,按主题成版排期；排期前先确认该条是否值得为评标而建,说明列为「本条所述…未提供」（整条缺）,是,支持在员工进行药品借还操作时，通过输入个人密码的方式进行身份验证，确保操作安全。 +--------------------------------------
1167,D2,D2 真欠账——需排期评估,部分响应,药事与药房,按主题成版排期；排期前先确认该条是否值得为评标而建,说明列为「本条所述…未提供」（整条缺）,是,系统提供针对特殊药品的独立日结与月结统计功能，例如可以为贵重药品、精神麻醉药品等生成每日的日结日报。 +----------------------------
1292,D2,D2 真欠账——需排期评估,部分响应,其他,按主题成版排期；排期前先确认该条是否值得为评标而建,说明列为「本条所述…未提供」（整条缺）,是,支持职能部门通过手机移动端实时查询全院危急值的上报、接收、处理及反馈情况，并可根据查询结果自动生成多维度数据统计与分析报告，满足质控监管与持续改进需求。 +--
1341,D2,D2 真欠账——需排期评估,部分响应,护理与病历文书,按主题成版排期；排期前先确认该条是否值得为评标而建,说明列为「本条所述…未提供」（整条缺）,是,支持恢复误删的病历。 +--------------------------------------------------------------------
1396,D2,D2 真欠账——需排期评估,部分响应,门急诊与住院业务,按主题成版排期；排期前先确认该条是否值得为评标而建,说明列为「本条所述…未提供」（整条缺）,是,新增医嘱套包功能，可将多个关联医嘱整合至一个套包，实现批量快速计费，减少重复操作，提升计费便捷性。 +-----------------------------
1397,D2,D2 真欠账——需排期评估,部分响应,其他,按主题成版排期；排期前先确认该条是否值得为评标而建,说明列为「本条所述…未提供」（整条缺）,是,系统对接手术排程系统，可自动获取已完成排程的患者信息，以手术间为核心维度进行患者信息展示，为手术室护士提供便捷的操作与记录入口，提升工作便捷性。 +------
1398,D2,D2 真欠账——需排期评估,部分响应,其他,按主题成版排期；排期前先确认该条是否值得为评标而建,说明列为「本条所述…未提供」（整条缺）,是,支持与HIS系统、手麻系统等院内核心业务系统对接，实现患者基础信息、手术相关信息、手术排程信息的自动同步获取，无需人工重复录入，保障数据一致性。 +------
1399,D2,D2 真欠账——需排期评估,部分响应,护理与病历文书,按主题成版排期；排期前先确认该条是否值得为评标而建,说明列为「本条所述…未提供」（整条缺）,是,可对接医院中央运输系统，护士通过护理工作站即可完成转运派单、实时查看转运流程进度等操作；支持根据医院实际运营需求，灵活设置强、弱两种管控模式，例如在强管控模式下
1400,D2,D2 真欠账——需排期评估,部分响应,医技检验影像,按主题成版排期；排期前先确认该条是否值得为评标而建,说明列为「本条所述…未提供」（整条缺）,是,支持调用手持移动设备的扫描功能，通过扫描患者腕带的方式，以机读核对模式完成患者身份与手术信息的双重校验，确保患者入室信息核对准确，规避人为核对误差。 +----
1401,D2,D2 真欠账——需排期评估,部分响应,其他,按主题成版排期；排期前先确认该条是否值得为评标而建,说明列为「本条所述…未提供」（整条缺）,是,系统可根据手术实时状态对器械清点节点进行严格管控，仅当手术推进至对应阶段，方可开展后续清点操作，保障清点流程的规范性；搭配移动平板使用，可实现无菌台旁现场器械清
1402,D2,D2 真欠账——需排期评估,部分响应,其他,按主题成版排期；排期前先确认该条是否值得为评标而建,说明列为「本条所述…未提供」（整条缺）,否,支持依据医院现有器械包规格及包内器械配置，灵活创建电子器械包，简化护士添加器械包及包内器械的操作流程，大幅提升器械录入效率。 +----------------
1403,D2,D2 真欠账——需排期评估,部分响应,其他,按主题成版排期；排期前先确认该条是否值得为评标而建,说明列为「本条所述…未提供」（整条缺）,是,新增电子器械包时，系统强制要求对包内器械种类及数量进行双重核对，同步详细记录打包过程中出现的错误信息；针对不同器械包中名称相同的器械，将进行差异化显示，避免混淆
1404,D2,D2 真欠账——需排期评估,部分响应,其他,按主题成版排期；排期前先确认该条是否值得为评标而建,说明列为「本条所述…未提供」（整条缺）,是,采用清单化方式呈现各阶段器械添加数量，清晰展示器械原始数量、新增数量及当前库存数量，便于护士快速核对、精准掌握各阶段器械动态。 +---------------
1405,D2,D2 真欠账——需排期评估,部分响应,其他,按主题成版排期；排期前先确认该条是否值得为评标而建,说明列为「本条所述…未提供」（整条缺）,是,当患者需进行多个主手术时，系统支持关联各主手术分别建立对应的器械清点单，实现不同手术器械清点的独立管理，确保清点数据精准可追溯。 +--------------
1407,D2,D2 真欠账——需排期评估,部分响应,医技检验影像,按主题成版排期；排期前先确认该条是否值得为评标而建,说明列为「本条所述…未提供」（整条缺）,是,支持通过手持移动设备扫描器械包条码，实现器械包信息的快速加载，有效减少人工录入操作，显著提升器械清点的效率与准确性。 +--------------------
1408,D2,D2 真欠账——需排期评估,部分响应,其他,按主题成版排期；排期前先确认该条是否值得为评标而建,说明列为「本条所述…未提供」（整条缺）,是,系统可依据手术的实时进展状态，对安全核查流程节点进行精准管控，只有当手术推进至对应阶段，才可启动下一步安全核查操作，确保核查流程与手术进程同步，保障核查规范性。
1409,D2,D2 真欠账——需排期评估,部分响应,权限审计与系统运维,按主题成版排期；排期前先确认该条是否值得为评标而建,说明列为「本条所述…未提供」（整条缺）,是,支持与手麻系统无缝联动，按照预设角色分工及核查内容，在两个系统内协同开展安全核查工作，核查结果实现自动汇总归档；搭配移动平板使用，可完成床旁现场安全核查，提升核
1410,D2,D2 真欠账——需排期评估,部分响应,医技检验影像,按主题成版排期；排期前先确认该条是否值得为评标而建,说明列为「本条所述…未提供」（整条缺）,是,具备安全核查项目自动跳转功能，核查条目可逐页自动滚动展示，同时自动抓取各检查项目的对应结果，无需护士切换系统查询待核查内容，简化操作流程，降低人为遗漏风险。 +
1412,D2,D2 真欠账——需排期评估,部分响应,其他,按主题成版排期；排期前先确认该条是否值得为评标而建,说明列为「本条所述…未提供」（整条缺）,是,转科交接单采用行业标准格式设计，同时支持结合医院实际转科管理需求，定制化调整交接单内容与格式，适配不同科室转科交接场景。 +------------------
1413,D2,D2 真欠账——需排期评估,部分响应,其他,按主题成版排期；排期前先确认该条是否值得为评标而建,说明列为「本条所述…未提供」（整条缺）,是,支持全面记录手术患者各类管路信息，可自动汇总麻醉医生创建、护士记录的管路数据（含静脉通道、尿管、胃管等），同步详细留存管路创建时间、放置位置、插入深度、创建人员
1415,D2,D2 真欠账——需排期评估,部分响应,护理与病历文书,按主题成版排期；排期前先确认该条是否值得为评标而建,说明列为「本条所述…未提供」（整条缺）,是,支持根据医院手术护理的个性化需求，定制各类专属手术护理文书，灵活适配不同手术类型、护理场景的文书管理要求，满足院内护理文书规范化管理需求。 +---------
1416,D2,D2 真欠账——需排期评估,部分响应,护理与病历文书,按主题成版排期；排期前先确认该条是否值得为评标而建,说明列为「本条所述…未提供」（整条缺）,是,提供文书对外服务功能，可通过指定地址、专用查阅工具等方式，向院内其他信息系统开放文书调阅权限，实现文书数据共享，提升多系统协同效率。 +------------
1418,D2,D2 真欠账——需排期评估,部分响应,其他,按主题成版排期；排期前先确认该条是否值得为评标而建,说明列为「本条所述…未提供」（整条缺）,是,配备患者家属手术进程看板，专门用于向家属展示患者手术相关状态，兼顾信息公开与隐私保护，提升家属就医体验。 +--------------------------
1420,D2,D2 真欠账——需排期评估,部分响应,其他,按主题成版排期；排期前先确认该条是否值得为评标而建,说明列为「本条所述…未提供」（整条缺）,是,系统支持自定义设置大屏刷新时间，可针对手术入室、手术开始、手术结束等不同手术事件，自动触发公告内容显示，便于医护人员通过大屏实时掌握当日手术整体开展情况，提升工
1421,D2,D2 真欠账——需排期评估,部分响应,数据治理与报表指标,按主题成版排期；排期前先确认该条是否值得为评标而建,说明列为「本条所述…未提供」（整条缺）,是,严格遵循《麻醉专业医疗质量控制指标（2022版）》标准，提供完善的麻醉质控指标功能；质控数据可通过院内业务系统自动抓取，上线前可结合医院实际运营情况，灵活调整数
1422,D2,D2 真欠账——需排期评估,部分响应,数据治理与报表指标,按主题成版排期；排期前先确认该条是否值得为评标而建,说明列为「本条所述…未提供」（整条缺）,是,具备质控指标展示及数据占比分析功能，支持查看各质控指标数据占比详情，可对占比准确性进行核对校验，为管理者全面、详细掌握麻醉质控情况提供数据支撑。 +------
1423,D2,D2 真欠账——需排期评估,部分响应,数据治理与报表指标,按主题成版排期；排期前先确认该条是否值得为评标而建,说明列为「本条所述…未提供」（整条缺）,是,单个麻醉质控指标可通过可视化图形直观展示数据占比，支持穿透查看指标详细信息；详细信息按分子、分母清晰区分，且支持导出为EXCEL表格，方便管理者进行数据统计、分
1424,D2,D2 真欠账——需排期评估,部分响应,其他,按主题成版排期；排期前先确认该条是否值得为评标而建,说明列为「本条所述…未提供」（整条缺）,是,重点展示每日首台量、首台手术患者所属科室、准点开台数量、准点开台率、延迟开台数量、延迟开台量；其中首台量、准点开台数量、延迟开台数量可展示取值明细。 +----
1425,D2,D2 真欠账——需排期评估,部分响应,其他,按主题成版排期；排期前先确认该条是否值得为评标而建,说明列为「本条所述…未提供」（整条缺）,是,重点展示手术台数、总计手术时长、总计接台时长、入室时间、平均接台时长；其中手术台数可展示取值明细。 +-----------------------------
1426,D2,D2 真欠账——需排期评估,部分响应,其他,按主题成版排期；排期前先确认该条是否值得为评标而建,说明列为「本条所述…未提供」（整条缺）,是,取消手术涵盖手术申请、手术排程、入室前、手术过程中四个阶段，重点统计各阶段取消手术数量，并可展示每个条目的取值明细。 +--------------------
1427,D2,D2 真欠账——需排期评估,部分响应,其他,按主题成版排期；排期前先确认该条是否值得为评标而建,说明列为「本条所述…未提供」（整条缺）,是,重点展示开始日期与结束日期不在同一自然日的各类手术数量，包含取值明细。 +-------------------------------------------
1428,D2,D2 真欠账——需排期评估,部分响应,门急诊与住院业务,按主题成版排期；排期前先确认该条是否值得为评标而建,说明列为「本条所述…未提供」（整条缺）,是,统计院内各类已开展手术数量（如择期手术、急诊手术、日间手术等），可展示各类手术数量的取值明细。 +-------------------------------
1429,D2,D2 真欠账——需排期评估,部分响应,其他,按主题成版排期；排期前先确认该条是否值得为评标而建,说明列为「本条所述…未提供」（整条缺）,是,当出现患者死亡时，获取患者ASA分级并建立对应关系，展示各ASA级别对应的死亡患者数量，可查询取值明细。 +--------------------------
1430,D2,D2 真欠账——需排期评估,部分响应,数据治理与报表指标,按主题成版排期；排期前先确认该条是否值得为评标而建,说明列为「本条所述…未提供」（整条缺）,是,按照麻醉方式字典统计各类麻醉开展数量（如椎管内麻醉、全身麻醉、神经阻滞麻醉），可查询取值明细。 +-------------------------------
1431,D2,D2 真欠账——需排期评估,部分响应,其他,按主题成版排期；排期前先确认该条是否值得为评标而建,说明列为「本条所述…未提供」（整条缺）,是,"获取手术申请信息中麻醉方式为""局麻""的患者及所属科室，建立关联关系，展示院内各临床科室开展的局麻手术数量，包含取值明细。 +------------------"
1432,D2,D2 真欠账——需排期评估,部分响应,其他,按主题成版排期；排期前先确认该条是否值得为评标而建,说明列为「本条所述…未提供」（整条缺）,是,统计术中发生输血的血制品类型及对应总量，包含各项血制品使用的取值明细。 +-------------------------------------------
1433,D2,D2 真欠账——需排期评估,部分响应,其他,按主题成版排期；排期前先确认该条是否值得为评标而建,说明列为「本条所述…未提供」（整条缺）,是,"统计术中输注""自体血""的情况，按输注量分别统计输注人数，包含输注人的详细信息。 +---------------------------------------"
1434,D2,D2 真欠账——需排期评估,部分响应,其他,按主题成版排期；排期前先确认该条是否值得为评标而建,说明列为「本条所述…未提供」（整条缺）,是,重点统计输血患者数、输注自体血患者数量、非自体血患者数量，可查看各项数据的取值明细。 +------------------------------------
1435,D2,D2 真欠账——需排期评估,部分响应,其他,按主题成版排期；排期前先确认该条是否值得为评标而建,说明列为「本条所述…未提供」（整条缺）,是,"获取""出量""中含有""血量""的患者数量，并按出血量（如400ml以下、400-1000ml）分别统计患者数量，可查看各项数据的取值明细。 +-----------"
1436,D2,D2 真欠账——需排期评估,部分响应,其他,按主题成版排期；排期前先确认该条是否值得为评标而建,说明列为「本条所述…未提供」（整条缺）,是,统计手术患者年龄分布，计算各年龄段患者数量及性别，可查看各项数据的取值明细。 +----------------------------------------
1437,D2,D2 真欠账——需排期评估,部分响应,其他,按主题成版排期；排期前先确认该条是否值得为评标而建,说明列为「本条所述…未提供」（整条缺）,是,统计每日镇痛泵使用情况，包括每日新增数量、拆泵数量、使用量，可查看各项数据的取值明细。 +-----------------------------------
1439,D2,D2 真欠账——需排期评估,部分响应,数据治理与报表指标,按主题成版排期；排期前先确认该条是否值得为评标而建,说明列为「本条所述…未提供」（整条缺）,是,统计指定时间段内开展的手术及对应手术级别，手术名称以ICD-9字典为标准，手术级别以标准版提供的手术名称对应级别为准，可查看各项数据的取值明细。 +------
1440,D2,D2 真欠账——需排期评估,部分响应,数据治理与报表指标,按主题成版排期；排期前先确认该条是否值得为评标而建,说明列为「本条所述…未提供」（整条缺）,是,"数据来源为麻醉记录单中""麻醉质量评估单""选取的""麻醉效果""指标，供管理者查询指定时间段内""麻醉效果""数据及取值明细。 +--------------------"
1441,D2,D2 真欠账——需排期评估,部分响应,其他,按主题成版排期；排期前先确认该条是否值得为评标而建,说明列为「本条所述…未提供」（整条缺）,是,"数据来源为麻醉记录单中""非计划再次手术""信息，或对接院内手术申请中标记的非计划再次手术数据，供管理者查询指定时间段内相关数据及取值明细。 +----------"
1442,D2,D2 真欠账——需排期评估,部分响应,其他,按主题成版排期；排期前先确认该条是否值得为评标而建,说明列为「本条所述…未提供」（整条缺）,是,"数据来源为""重返手术室修改麻醉记录单""的操作数据，供管理者查询指定时间段内相关数据及取值明细。 +-------------------------------"
1444,D2,D2 真欠账——需排期评估,部分响应,药事与药房,按主题成版排期；排期前先确认该条是否值得为评标而建,说明列为「本条所述…未提供」（整条缺）,是,统计指定时间段内开具的毒麻药品、药品信息、开具医生等详细信息。 +-----------------------------------------------
1445,D2,D2 真欠账——需排期评估,部分响应,药事与药房,按主题成版排期；排期前先确认该条是否值得为评标而建,说明列为「本条所述…未提供」（整条缺）,是,统计指定时间段内开具的肌松药、药品信息、开具医生等详细信息。 +------------------------------------------------
1446,D2,D2 真欠账——需排期评估,部分响应,其他,按主题成版排期；排期前先确认该条是否值得为评标而建,说明列为「本条所述…未提供」（整条缺）,是,统计指定时间段内计划、非计划转入ICU，以及计划、非计划转入苏醒室的数据，包含取值明细。 +----------------------------------
1447,D2,D2 真欠账——需排期评估,部分响应,其他,按主题成版排期；排期前先确认该条是否值得为评标而建,说明列为「本条所述…未提供」（整条缺）,是,统计指定时间段内计划、非计划手术室内插管、苏醒室内插管、再次插管、拔管、带管出室的患者数据，包含取值明细。 +-------------------------
1448,D2,D2 真欠账——需排期评估,部分响应,其他,按主题成版排期；排期前先确认该条是否值得为评标而建,说明列为「本条所述…未提供」（整条缺）,是,统计指定时间段内有创操作（如动脉穿刺置管、颈外静脉穿刺置管等）的数据，包含取值明细。 +------------------------------------
1449,D2,D2 真欠账——需排期评估,部分响应,其他,按主题成版排期；排期前先确认该条是否值得为评标而建,说明列为「本条所述…未提供」（整条缺）,是,"统计指定时间段内""抢救""患者的数据，包含取值明细。 +-----------------------------------------------------"
1735,D2,D2 真欠账——需排期评估,部分响应,其他,按主题成版排期；排期前先确认该条是否值得为评标而建,说明列为「本条所述…未提供」（整条缺）,是,支持平台UI与基础参数管理，实现菜单架构、Logo及门户页面的个性化设置。 +-----------------------------------------
2012,D2,D2 真欠账——需排期评估,部分响应,护理与病历文书,按主题成版排期；排期前先确认该条是否值得为评标而建,说明列为「本条所述…未提供」（整条缺）,是,按科室检索、按护理级别检索、是否转科等多种条件检索。 +----------------------------------------------------
2013,D2,D2 真欠账——需排期评估,部分响应,其他,按主题成版排期；排期前先确认该条是否值得为评标而建,说明列为「本条所述…未提供」（整条缺）,是,能够浏览科室全部病人和当前医生主管的病人。 +---------------------------------------------------------
2015,D2,D2 真欠账——需排期评估,部分响应,护理与病历文书,按主题成版排期；排期前先确认该条是否值得为评标而建,说明列为「本条所述…未提供」（整条缺）,是,医生通过病历管控浏览当前病人的所有病历。能够按患者姓名、床位号、住院号等进行病历查找，能够浏览病历详情。支持部分病理在手机端进行编辑、修改。 +--------
2016,D2,D2 真欠账——需排期评估,部分响应,护理与病历文书,按主题成版排期；排期前先确认该条是否值得为评标而建,说明列为「本条所述…未提供」（整条缺）,是,支持病历质控，针对病历列表可选解锁，即可以选择某一些批量，或者单个解锁。 +------------------------------------------
2017,D2,D2 真欠账——需排期评估,部分响应,护理与病历文书,按主题成版排期；排期前先确认该条是否值得为评标而建,说明列为「本条所述…未提供」（整条缺）,是,支持权限控制，只有在病历质控后台授权了的用户才能操作解锁。 +-------------------------------------------------
2021,D2,D2 真欠账——需排期评估,部分响应,护理与病历文书,按主题成版排期；排期前先确认该条是否值得为评标而建,说明列为「本条所述…未提供」（整条缺）,是,支持编辑住院患者完整的病案首页信息。 +------------------------------------------------------------
2028,D2,D2 真欠账——需排期评估,部分响应,门急诊与住院业务,按主题成版排期；排期前先确认该条是否值得为评标而建,说明列为「本条所述…未提供」（整条缺）,是,能够按床号、病人姓名、医嘱内容进行医嘱查找。 +--------------------------------------------------------
2029,D2,D2 真欠账——需排期评估,部分响应,门急诊与住院业务,按主题成版排期；排期前先确认该条是否值得为评标而建,说明列为「本条所述…未提供」（整条缺）,是,能够按是否药品、医嘱状态、时间等进行医嘱检索。 +-------------------------------------------------------
2035,D2,D2 真欠账——需排期评估,部分响应,门急诊与住院业务,按主题成版排期；排期前先确认该条是否值得为评标而建,说明列为「本条所述…未提供」（整条缺）,是,医生浏览门诊预约人数，取号数和未取号数并能进行时间段检索。 +-------------------------------------------------
2039,D2,D2 真欠账——需排期评估,部分响应,其他,按主题成版排期；排期前先确认该条是否值得为评标而建,说明列为「本条所述…未提供」（整条缺）,是,可在线绑定医院信息，选择医生所在的医院，验证HIS工号和密码即可。 +---------------------------------------------
2439,D2,D2 真欠账——需排期评估,部分响应,数据治理与报表指标,按主题成版排期；排期前先确认该条是否值得为评标而建,说明列为「本条所述…未提供」（整条缺）,是,实现了对指标库的基本维护功能，比如：新增、修改指定的项目、根据条件查询指定的指标库数据以及修改指定的指标库数据列表等。 （3）结构化元素库管理：
2440,D2,D2 真欠账——需排期评估,部分响应,其他,按主题成版排期；排期前先确认该条是否值得为评标而建,说明列为「本条所述…未提供」（整条缺）,是,通过树结构直观展现了全部元素库数据的分类，以及元素库数据之间的关系等等。
2441,D2,D2 真欠账——需排期评估,部分响应,护理与病历文书,按主题成版排期；排期前先确认该条是否值得为评标而建,说明列为「本条所述…未提供」（整条缺）,是,实现了对元素库数据的详细信息的预览，以及对元素库数据的基本信息进行修改、给指定的元素库新增子类元素库等功能。 （4）病历分类管理：
2442,D2,D2 真欠账——需排期评估,部分响应,护理与病历文书,按主题成版排期；排期前先确认该条是否值得为评标而建,说明列为「本条所述…未提供」（整条缺）,是,通过树结构直观的展现了当前的全部的病历分类数据及其互相之间的关联，通过对树的操作。
2443,D2,D2 真欠账——需排期评估,部分响应,护理与病历文书,按主题成版排期；排期前先确认该条是否值得为评标而建,说明列为「本条所述…未提供」（整条缺）,是,实现了对分类的基本信息预览，对病历分类的基本信息修改，以及新增新的分类。 （5）数据源管理：
2444,D2,D2 真欠账——需排期评估,部分响应,其他,按主题成版排期；排期前先确认该条是否值得为评标而建,说明列为「本条所述…未提供」（整条缺）,是,通过树结构直观展现了全部数据源数据的分类，以及数据源的其他属性等等。
2449,D2,D2 真欠账——需排期评估,部分响应,其他,按主题成版排期；排期前先确认该条是否值得为评标而建,说明列为「本条所述…未提供」（整条缺）,是,模板支持具有最小结构化元素，满足文本、数值、复选、单选、多选、日期等结构化录入需求。
2451,D2,D2 真欠账——需排期评估,部分响应,护理与病历文书,按主题成版排期；排期前先确认该条是否值得为评标而建,说明列为「本条所述…未提供」（整条缺）,是,支持文档编辑，字符、段落属性设置，页面版式设置，页眉页脚设置，支持特殊符号，支持图文混合性输入，支持矢量绘图和表格。 （2）病历安全
2452,D2,D2 真欠账——需排期评估,部分响应,护理与病历文书,按主题成版排期；排期前先确认该条是否值得为评标而建,说明列为「本条所述…未提供」（整条缺）,是,"具有病人隐私保护手段，对模板病历中表示患者隐私信息的可设置成""加密显示""。"
2453,D2,D2 真欠账——需排期评估,部分响应,护理与病历文书,按主题成版排期；排期前先确认该条是否值得为评标而建,说明列为「本条所述…未提供」（整条缺）,是,具备模板授权功能，使用范围为科室或个人的模板，需要授权到科室或个人后才能使用，需要授权的模板在新建的时候自动授权给创建科室或创建人，其他科室或个人如想使用该模板
2456,D2,D2 真欠账——需排期评估,部分响应,护理与病历文书,按主题成版排期；排期前先确认该条是否值得为评标而建,说明列为「本条所述…未提供」（整条缺）,是,书写病历：使用专用的电子病历编辑器，结构化录入与自由化录入相结合，支持所见即所得。
2458,D2,D2 真欠账——需排期评估,部分响应,护理与病历文书,按主题成版排期；排期前先确认该条是否值得为评标而建,说明列为「本条所述…未提供」（整条缺）,是,复制/粘贴选择性控制：通过参数控制不同病人的病历内容是否可以互相复制粘贴。
2459,D2,D2 真欠账——需排期评估,部分响应,护理与病历文书,按主题成版排期；排期前先确认该条是否值得为评标而建,说明列为「本条所述…未提供」（整条缺）,是,导入检查检验：提供电子病历系统与检验、检查、心电、医嘱等系统接口，对接后支持检验、检查结果、心电结果、会诊结论、医嘱、诊断、体征等信息插入到病历当中的任意位置；
2461,D2,D2 真欠账——需排期评估,部分响应,护理与病历文书,按主题成版排期；排期前先确认该条是否值得为评标而建,说明列为「本条所述…未提供」（整条缺）,是,插入音视频、图片：支持在病历书写过程中在线录制语音、视频，并可进行播放以及插入病历中，同时支持插入图片，图文混合性输入，支持矢量绘图编辑功能。
2467,D2,D2 真欠账——需排期评估,部分响应,其他,按主题成版排期；排期前先确认该条是否值得为评标而建,说明列为「本条所述…未提供」（整条缺）,否,支持医学表达式、特殊符号：支持特定医学表达式录入，如：龋齿、月经史、牙科、眼科专用等医学专用公式，同时支持常用的特殊符号，符号支持自定义。
2468,D2,D2 真欠账——需排期评估,部分响应,护理与病历文书,按主题成版排期；排期前先确认该条是否值得为评标而建,说明列为「本条所述…未提供」（整条缺）,是,病历内容自动引用：病历新增时通过引用数据源自动带出病人已有的数据，如姓名、门诊号等基础信息，同时也可带出其他病历中已有的数据，如将入院记录中的主诉自动带入到首次
2469,D2,D2 真欠账——需排期评估,部分响应,护理与病历文书,按主题成版排期；排期前先确认该条是否值得为评标而建,说明列为「本条所述…未提供」（整条缺）,是,词条管理：支持医生自行维护管理词条、导入医学词条，实现病历辅助、快速书写。
2470,D2,D2 真欠账——需排期评估,部分响应,其他,按主题成版排期；排期前先确认该条是否值得为评标而建,说明列为「本条所述…未提供」（整条缺）,是,病程记录合并编辑：支持病程记录合并预览和编辑、打印，按照病程记录的记录时间排序，方便医生书写。
2471,D2,D2 真欠账——需排期评估,部分响应,护理与病历文书,按主题成版排期；排期前先确认该条是否值得为评标而建,说明列为「本条所述…未提供」（整条缺）,是,病历存为模板、疾病组：支持将当前病历存为模板，一般可存为科室模板和个人模板；同时支持将患者病历存为疾病组。
2475,D2,D2 真欠账——需排期评估,部分响应,护理与病历文书,按主题成版排期；排期前先确认该条是否值得为评标而建,说明列为「本条所述…未提供」（整条缺）,是,支持病历的整体打印、合并打印、选页打印、双/单页打印、续打。 +-------------------------------+----------------
2507,D2,D2 真欠账——需排期评估,部分响应,其他,按主题成版排期；排期前先确认该条是否值得为评标而建,说明列为「本条所述…未提供」（整条缺）,是,支持登记成功后自动打印条形码，并能有效区分本院与外院的申请单信息。 +---------------------------------------------
2510,D2,D2 真欠账——需排期评估,部分响应,病理 PIS,按主题成版排期；排期前先确认该条是否值得为评标而建,说明列为「本条所述…未提供」（整条缺）,是,支持识别体检相关病理申请，能够与医院体检平台信息系统实现深度集成。 +---------------------------------------------
2511,D2,D2 真欠账——需排期评估,部分响应,病理 PIS,按主题成版排期；排期前先确认该条是否值得为评标而建,说明列为「本条所述…未提供」（整条缺）,是,提供面向第三方系统的打印接口服务，支持申请单及标本标签即时打印，打通从采样到接收的追踪链路。 +--------------------------------
2515,D2,D2 真欠账——需排期评估,部分响应,病理 PIS,按主题成版排期；排期前先确认该条是否值得为评标而建,说明列为「本条所述…未提供」（整条缺）,是,"支持条形码与磁卡录入，自动执行""同名检索""与""历史检查""提醒，通过住院号精准锁定患者过往病理档案。 +-----------------------------"
2516,D2,D2 真欠账——需排期评估,部分响应,病理 PIS,按主题成版排期；排期前先确认该条是否值得为评标而建,说明列为「本条所述…未提供」（整条缺）,是,支持科室自定义病理号生成规则，确保不同申请单与科室开单逻辑下的编号具备连续性与自动化。 +-----------------------------------
2517,D2,D2 真欠账——需排期评估,部分响应,病理 PIS,按主题成版排期；排期前先确认该条是否值得为评标而建,说明列为「本条所述…未提供」（整条缺）,是,支持病理号更新、报告浏览、申请单与标签补打及历史报告重印等全方位数据维护功能。 +---------------------------------------
2518,D2,D2 真欠账——需排期评估,部分响应,病理 PIS,按主题成版排期；排期前先确认该条是否值得为评标而建,说明列为「本条所述…未提供」（整条缺）,是,支持手动登记模式，允许医护人员在无电子申请的情况下手动录入完整的病理申请数据资料。 +-------------------------------------
2519,D2,D2 真欠账——需排期评估,部分响应,病理 PIS,按主题成版排期；排期前先确认该条是否值得为评标而建,说明列为「本条所述…未提供」（整条缺）,是,支持高级检索功能，允许用户通过多重业务条件组合对病理全量数据资料进行深度挖掘。 +---------------------------------------
2522,D2,D2 真欠账——需排期评估,部分响应,病理 PIS,按主题成版排期；排期前先确认该条是否值得为评标而建,说明列为「本条所述…未提供」（整条缺）,是,支持拒收标本的专项查询与记录管理，方便追踪标本流转异常情况。 +------------------------------------------------
2525,D2,D2 真欠账——需排期评估,部分响应,病理 PIS,按主题成版排期；排期前先确认该条是否值得为评标而建,说明列为「本条所述…未提供」（整条缺）,是,"支持取材工作列表的打印及大体图像拍摄，允许在图片上标注病变部位，并向临床端实时同步""已取材""状态及取材医生信息。 +----------------------"
2526,D2,D2 真欠账——需排期评估,部分响应,病理 PIS,按主题成版排期；排期前先确认该条是否值得为评标而建,说明列为「本条所述…未提供」（整条缺）,是,支持自动化物理归档支撑，可将包含大体描述、取材块数及最终诊断在内的取材记录同步输出打印，确保科室原始资料的备份与可追溯性。 +-----------------
2527,D2,D2 真欠账——需排期评估,部分响应,病理 PIS,按主题成版排期；排期前先确认该条是否值得为评标而建,说明列为「本条所述…未提供」（整条缺）,是,支持对取材明细进行自动编号，并详尽记录登记医生、取材医生、材块数及标本来源等核心业务数据。 +---------------------------------
2528,D2,D2 真欠账——需排期评估,部分响应,护理与病历文书,按主题成版排期；排期前先确认该条是否值得为评标而建,说明列为「本条所述…未提供」（整条缺）,是,支持在取材界面集成浏览患者全量数据资料，涵盖临床诊断、标本及申请单信息，并能查阅360视图与电子病历数据。 +-------------------------
2529,D2,D2 真欠账——需排期评估,部分响应,病理 PIS,按主题成版排期；排期前先确认该条是否值得为评标而建,说明列为「本条所述…未提供」（整条缺）,是,支持通过双击快捷调用预置模板，并提供取材模板的灵活创建与个性化编辑功能。 +------------------------------------------
2531,D2,D2 真欠账——需排期评估,部分响应,病理 PIS,按主题成版排期；排期前先确认该条是否值得为评标而建,说明列为「本条所述…未提供」（整条缺）,是,支持对患者历史病理审计记录的深度浏览，辅助取材医生了解患者过往病史。 +--------------------------------------------
2532,D2,D2 真欠账——需排期评估,部分响应,病理 PIS,按主题成版排期；排期前先确认该条是否值得为评标而建,说明列为「本条所述…未提供」（整条缺）,是,支持取材环节的全局检索功能，能够快速调阅所有已完成取材阶段的病理数据资料。 +-----------------------------------------
2533,D2,D2 真欠账——需排期评估,部分响应,病理 PIS,按主题成版排期；排期前先确认该条是否值得为评标而建,说明列为「本条所述…未提供」（整条缺）,是,支持脱水篮的逻辑分组与流转管理，具备标本脱水进度的实时监控与异常预警功能；通过数字化手段记录脱水状态，提升病理实验室前处理阶段的自动化管理水平。 +------
2534,D2,D2 真欠账——需排期评估,部分响应,病理 PIS,按主题成版排期；排期前先确认该条是否值得为评标而建,说明列为「本条所述…未提供」（整条缺）,是,支持包埋环节的状态实时追踪，涵盖待包埋提醒、包埋中记录及包埋完成确认等核心节点 ；通过对包埋状态的精细化维护，确保标本在制片前处理阶段的衔接顺畅，严防标本遗漏或
2535,D2,D2 真欠账——需排期评估,部分响应,其他,按主题成版排期；排期前先确认该条是否值得为评标而建,说明列为「本条所述…未提供」（整条缺）,否,支持包埋质量的多选批量评价，提升前处理阶段质控数据的录入效率。 +-----------------------------------------------
2536,D2,D2 真欠账——需排期评估,部分响应,病理 PIS,按主题成版排期；排期前先确认该条是否值得为评标而建,说明列为「本条所述…未提供」（整条缺）,是,支持按制片状态对切片进行分类检索与汇总查看，直观呈现切片任务的实时积压与完成现状。 +-------------------------------------
2537,D2,D2 真欠账——需排期评估,部分响应,病理 PIS,按主题成版排期；排期前先确认该条是否值得为评标而建,说明列为「本条所述…未提供」（整条缺）,是,提供切片确认的批量处理机制，支持一次性对多组标本进行制片状态的核销与记录。 +-----------------------------------------
2538,D2,D2 真欠账——需排期评估,部分响应,病理 PIS,按主题成版排期；排期前先确认该条是否值得为评标而建,说明列为「本条所述…未提供」（整条缺）,是,预置高级检索模块，支持跨字段的自由组合查询与复杂逻辑筛选，实现病理数据的高效调取与精准定位。 +--------------------------------
2539,D2,D2 真欠账——需排期评估,部分响应,门急诊与住院业务,按主题成版排期；排期前先确认该条是否值得为评标而建,说明列为「本条所述…未提供」（整条缺）,是,支持重切、深切等特殊技术医嘱的自动提示与任务预警，确保关键制片工序准确执行。 +----------------------------------------
2540,D2,D2 真欠账——需排期评估,部分响应,病理 PIS,按主题成版排期；排期前先确认该条是否值得为评标而建,说明列为「本条所述…未提供」（整条缺）,是,支持制片环节玻片标签的即时输出，确保切片标识规范化与自动化打印。 +----------------------------------------------
2543,D2,D2 真欠账——需排期评估,部分响应,其他,按主题成版排期；排期前先确认该条是否值得为评标而建,说明列为「本条所述…未提供」（整条缺）,是,具备便捷的分类过滤功能，可根据业务类别或报告流转节点执行快速筛选。 +---------------------------------------------
2544,D2,D2 真欠账——需排期评估,部分响应,其他,按主题成版排期；排期前先确认该条是否值得为评标而建,说明列为「本条所述…未提供」（整条缺）,是,集成高阶检索引擎，支持跨维度组合查询，满足深度的病例数据调取与学术检索需求。 +----------------------------------------
2545,D2,D2 真欠账——需排期评估,部分响应,病理 PIS,按主题成版排期；排期前先确认该条是否值得为评标而建,说明列为「本条所述…未提供」（整条缺）,是,具备数字影像采集与后期处理功能，支持病理图像的抓取及在线标注编辑。 +---------------------------------------------
2546,D2,D2 真欠账——需排期评估,部分响应,病理 PIS,按主题成版排期；排期前先确认该条是否值得为评标而建,说明列为「本条所述…未提供」（整条缺）,是,支持联动查看巨检影像、检体基本资料及大体解剖描述，辅助医生还原取材场景。 +------------------------------------------
2548,D2,D2 真欠账——需排期评估,部分响应,其他,按主题成版排期；排期前先确认该条是否值得为评标而建,说明列为「本条所述…未提供」（整条缺）,是,提供诊断意见的高效复用工具，支持实习结论与带教诊断的一键内容同步与快速流转。 +----------------------------------------
2549,D2,D2 真欠账——需排期评估,部分响应,病理 PIS,按主题成版排期；排期前先确认该条是否值得为评标而建,说明列为「本条所述…未提供」（整条缺）,是,具备诊断词条快速填充机制，支持在书写过程中便捷插入免疫组化标记物及标本名称。 +----------------------------------------
2550,D2,D2 真欠账——需排期评估,部分响应,其他,按主题成版排期；排期前先确认该条是否值得为评标而建,说明列为「本条所述…未提供」（整条缺）,是,针对宫颈TCT业务预设标准化判读模板，支持典型诊断结论的菜单式选择与录入。 +-----------------------------------------
2551,D2,D2 真欠账——需排期评估,部分响应,其他,按主题成版排期；排期前先确认该条是否值得为评标而建,说明列为「本条所述…未提供」（整条缺）,是,支持覆盖报告全生命周期管理，支持初稿暂存、多级审核、效果预览、纸质打印及流程回退处理。 +-----------------------------------
2552,D2,D2 真欠账——需排期评估,部分响应,病理 PIS,按主题成版排期；排期前先确认该条是否值得为评标而建,说明列为「本条所述…未提供」（整条缺）,是,支持病理全流程质量控制与分析，预置涵盖报告及时率、诊断符合率等核心指标在内的多维质控模版。 +---------------------------------
2554,D2,D2 真欠账——需排期评估,部分响应,病理 PIS,按主题成版排期；排期前先确认该条是否值得为评标而建,说明列为「本条所述…未提供」（整条缺）,是,支持特检项目与套餐医嘱的在线下达，涵盖医嘱单据输出及配套的切片质量评定功能。 +----------------------------------------
2555,D2,D2 真欠账——需排期评估,部分响应,病理 PIS,按主题成版排期；排期前先确认该条是否值得为评标而建,说明列为「本条所述…未提供」（整条缺）,是,支持多元化技术医嘱开具，精细化管理深切、重切及标本补取等实验室再处理流程。 +-----------------------------------------
2556,D2,D2 真欠账——需排期评估,部分响应,病理 PIS,按主题成版排期；排期前先确认该条是否值得为评标而建,说明列为「本条所述…未提供」（整条缺）,是,支持病理补充报告的规范化录入，支持在原有记录基础上进行影像二次采集与诊断意见补录。 +-------------------------------------
2560,D2,D2 真欠账——需排期评估,部分响应,其他,按主题成版排期；排期前先确认该条是否值得为评标而建,说明列为「本条所述…未提供」（整条缺）,是,支持科室根据临床需求弹性定制版式，实现各类图文报告格式的快速定制与灵活调整。 +----------------------------------------
2561,D2,D2 真欠账——需排期评估,部分响应,病理 PIS,按主题成版排期；排期前先确认该条是否值得为评标而建,说明列为「本条所述…未提供」（整条缺）,是,支持病理诊断结果向HIS及体检系统的自动推送，确保临床医生能在原业务单据中直接调阅数字化报告。 +-------------------------------
2563,D2,D2 真欠账——需排期评估,部分响应,病理 PIS,按主题成版排期；排期前先确认该条是否值得为评标而建,说明列为「本条所述…未提供」（整条缺）,是,支持特检医嘱的集中化管理与状态追踪，可实时调阅涵盖技术分类、具体检测项目、关联蜡块编号及当前执行进度在内的完整明细。 +--------------------
2564,D2,D2 真欠账——需排期评估,部分响应,病理 PIS,按主题成版排期；排期前先确认该条是否值得为评标而建,说明列为「本条所述…未提供」（整条缺）,是,支持基于业务分类与流转进度对医嘱进行过滤，可快速筛选特定病理类型或执行状态下的医嘱清单。 +----------------------------------
2565,D2,D2 真欠账——需排期评估,部分响应,门急诊与住院业务,按主题成版排期；排期前先确认该条是否值得为评标而建,说明列为「本条所述…未提供」（整条缺）,是,支持技术及特检医嘱单的物理输出，提供标准化的纸质凭证以辅助实验室线下核对与流转。 +--------------------------------------
2566,D2,D2 真欠账——需排期评估,部分响应,权限审计与系统运维,按主题成版排期；排期前先确认该条是否值得为评标而建,说明列为「本条所述…未提供」（整条缺）,是,支持特检业务的全过程状态监控，能够实时更新并区分待处理、正在处理及已完成等不同阶段的任务进度。 +-------------------------------
2567,D2,D2 真欠账——需排期评估,部分响应,病理 PIS,按主题成版排期；排期前先确认该条是否值得为评标而建,说明列为「本条所述…未提供」（整条缺）,是,支持蜡块与切片的数字化档案管理，可关联病理基础资料并实时维护其物理存储架位与空间坐标信息。 +---------------------------------
2568,D2,D2 真欠账——需排期评估,部分响应,病理 PIS,按主题成版排期；排期前先确认该条是否值得为评标而建,说明列为「本条所述…未提供」（整条缺）,是,支持档案存储位置的动态更新与轨迹追踪，实现标本在不同库房或架位间的流转转移记录。 +--------------------------------------
2569,D2,D2 真欠账——需排期评估,部分响应,病理 PIS,按主题成版排期；排期前先确认该条是否值得为评标而建,说明列为「本条所述…未提供」（整条缺）,是,支持在诊断工作站直接发起蜡块与切片的借阅登记，完整记录借阅用途、去向及预置的归还时限信息。 +---------------------------------
2570,D2,D2 真欠账——需排期评估,部分响应,病理 PIS,按主题成版排期；排期前先确认该条是否值得为评标而建,说明列为「本条所述…未提供」（整条缺）,是,支持病理资料借阅状态的动态监控，可快速分类调阅逾期未还或已入库结项的资料清单。 +---------------------------------------
2571,D2,D2 真欠账——需排期评估,部分响应,病理 PIS,按主题成版排期；排期前先确认该条是否值得为评标而建,说明列为「本条所述…未提供」（整条缺）,是,支持详尽的归还核销处理，允许录入标本损耗程度，并记录外院会诊结论与本院诊断的符合度对比。 +----------------------------------
2573,D2,D2 真欠账——需排期评估,部分响应,病理 PIS,按主题成版排期；排期前先确认该条是否值得为评标而建,说明列为「本条所述…未提供」（整条缺）,是,支持在诊断工作站实时登记病理危急值信息，并经由标准接口自动触发HIS系统的预警机制，确保临床关键风险信息的即时传达。 +--------------------
2575,D2,D2 真欠账——需排期评估,部分响应,数据治理与报表指标,按主题成版排期；排期前先确认该条是否值得为评标而建,说明列为「本条所述…未提供」（整条缺）,是,质控及统计报表。 +----------------------------------------------------------------------
2576,D2,D2 真欠账——需排期评估,部分响应,病理 PIS,按主题成版排期；排期前先确认该条是否值得为评标而建,说明列为「本条所述…未提供」（整条缺）,是,支持基础工作量自动化统计，涵盖病理登记总量、蜡块产出数及报告签发量等多维度的业务数据汇总。 +---------------------------------
2577,D2,D2 真欠账——需排期评估,部分响应,病理 PIS,按主题成版排期；排期前先确认该条是否值得为评标而建,说明列为「本条所述…未提供」（整条缺）,是,系统深度集成《病理专业医疗质量控制指标（2024版）》，确保科室质控评价体系符合最新的行业监管标准。 +----------------------------
2578,D2,D2 真欠账——需排期评估,部分响应,病理 PIS,按主题成版排期；排期前先确认该条是否值得为评标而建,说明列为「本条所述…未提供」（整条缺）,是,支持核心质控指标的自动化分析，涵盖标本固定规范率、染色切片优良率、各类诊断及时率及诊断符合率（术中与石蜡、临床、外院会诊）等深度评估项目。 +---------
2579,D2,D2 真欠账——需排期评估,部分响应,病理 PIS,按主题成版排期；排期前先确认该条是否值得为评标而建,说明列为「本条所述…未提供」（整条缺）,是,支持根据病理科业务灵活定义申请类别，并实现病理类型与HIS收费项的精准映射与联动。 +-------------------------------------
2580,D2,D2 真欠账——需排期评估,部分响应,病理 PIS,按主题成版排期；排期前先确认该条是否值得为评标而建,说明列为「本条所述…未提供」（整条缺）,是,支持病理号及蜡块编号规则的自定义配置，满足不同科室对于编码逻辑的个性化管理需求。 +--------------------------------------
2581,D2,D2 真欠账——需排期评估,部分响应,病理 PIS,按主题成版排期；排期前先确认该条是否值得为评标而建,说明列为「本条所述…未提供」（整条缺）,是,支持病理业务流程的可视化弹性配置，允许根据科室实际需求灵活增减脱水、包埋等流转节点，实现流程的精简与优化。 +-------------------------
3120,D2,D2 真欠账——需排期评估,部分响应,其他,按主题成版排期；排期前先确认该条是否值得为评标而建,说明列为「本条所述…未提供」（整条缺）,否,支持查询病区感染发生情况。 +-------------------------------+---------------------------------
3374,D2,D2 真欠账——需排期评估,部分响应,其他,按主题成版排期；排期前先确认该条是否值得为评标而建,说明列为「本条所述…未提供」（整条缺）,是,通过移动端实现业务申请与审批，支持移动端日常业务申请与审批管理，档案的借阅申请与审批管理。 +-------------------------------+-
29,F,F 已判配套产品/外部条件——确认即可,外部条件,护理与病历文书,确认现结论口径无误即可，无开发动作,现结论已是「外部条件」,是,按照四川省医保部门下发的《定点医药机构接口规范（基线版）》开发系统接口，从院方相关系统内（如HIS系统、病案系统等）同步获取包括基本信息、诊断、手术、费用明细等
84,F,F 已判配套产品/外部条件——确认即可,配套产品响应,其他,确认现结论口径无误即可，无开发动作,现结论已是「配套产品响应」,否,需支持显示冠脉球面视图和平面视图，自动创建曲面重组图、血管横截面图像，支持血管编辑。需支持自动将各类病灶诊断结果汇总展示。识别冠脉优势型，提示冠脉起源，检出可疑
160,F,F 已判配套产品/外部条件——确认即可,配套产品响应,药事与药房,确认现结论口径无误即可，无开发动作,现结论已是「配套产品响应」,否,可查看各厂家已上市药品的完整说明书；
161,F,F 已判配套产品/外部条件——确认即可,配套产品响应,权限审计与系统运维,确认现结论口径无误即可，无开发动作,现结论已是「配套产品响应」,否,优先展示用户自定义添加的药品说明书。 药物手册
162,F,F 已判配套产品/外部条件——确认即可,配套产品响应,药事与药房,确认现结论口径无误即可，无开发动作,现结论已是「配套产品响应」,否,支持通过提取说明书提纲中内容的方式将说明书生成药品的药物手册；
164,F,F 已判配套产品/外部条件——确认即可,配套产品响应,其他,确认现结论口径无误即可，无开发动作,现结论已是「配套产品响应」,否,"提供""心血管系统、呼吸系统、泌尿系统、内分泌系统、血液系统、肿瘤与应用、儿科学""7类医学相关计算公式的应用计算。 其他医药信息"
165,F,F 已判配套产品/外部条件——确认即可,配套产品响应,门急诊与住院业务,确认现结论口径无误即可，无开发动作,现结论已是「配套产品响应」,否,可查询《国家基本药物处方集（2012版）》、《中华人民共和国药典(2020年版)》、《新编药物学（17版）》、《中国国家处方集（2010版）》、《国家基本药物临
166,F,F 已判配套产品/外部条件——确认即可,配套产品响应,药事与药房,确认现结论口径无误即可，无开发动作,现结论已是「配套产品响应」,否,可查询国家药品监督管理局发布的药品警戒快讯、说明书修订公告、药品不良反应信息通报；
169,F,F 已判配套产品/外部条件——确认即可,配套产品响应,其他,确认现结论口径无误即可，无开发动作,现结论已是「配套产品响应」,否,自定义相关资料内容均支持自主查询。 自定义医院说明书
170,F,F 已判配套产品/外部条件——确认即可,配套产品响应,权限审计与系统运维,确认现结论口径无误即可，无开发动作,现结论已是「配套产品响应」,否,支持用户对药品说明书内容进行自定义维护与更新；
171,F,F 已判配套产品/外部条件——确认即可,配套产品响应,其他,确认现结论口径无误即可，无开发动作,现结论已是「配套产品响应」,否,说明书查询时，优先展示自定义添加的说明书。 ### 审核规则库 系统提供的规则库
172,F,F 已判配套产品/外部条件——确认即可,配套产品响应,权限审计与系统运维,确认现结论口径无误即可，无开发动作,现结论已是「配套产品响应」,否,系统提供1套药品说明书规则集，及3套来源于三甲医院临床应用规则集供用户进行参考、复制、引用操作。临床应用规则集名称分别为：三甲综合医院规则集、三甲儿童医院规则集
173,F,F 已判配套产品/外部条件——确认即可,配套产品响应,权限审计与系统运维,确认现结论口径无误即可，无开发动作,现结论已是「配套产品响应」,否,说明书规则集源于药品说明书标准维护，规则经过数百家医疗机构多年实践验证、累计优化；规则库覆盖用户全部药品及其它已上市药品的各项合理性审查内容；同时支持不同的问题
174,F,F 已判配套产品/外部条件——确认即可,配套产品响应,药事与药房,确认现结论口径无误即可，无开发动作,现结论已是「配套产品响应」,否,三甲综合医院规则集、三甲儿童医院规则集、三甲中医院规则集是基于医院自身对用药的理解维护的规则内容；
175,F,F 已判配套产品/外部条件——确认即可,配套产品响应,其他,确认现结论口径无误即可，无开发动作,现结论已是「配套产品响应」,否,三甲综合医院规则集自定义规则10000+条，其中涵盖8级规则21条、7级规则2500+条、6级规则3600+条；
176,F,F 已判配套产品/外部条件——确认即可,配套产品响应,其他,确认现结论口径无误即可，无开发动作,现结论已是「配套产品响应」,否,三甲儿童医院规则集自定义规则180+条，其中涵盖8级规则80+条；
177,F,F 已判配套产品/外部条件——确认即可,配套产品响应,其他,确认现结论口径无误即可，无开发动作,现结论已是「配套产品响应」,否,三甲中医院规则集自定义规则5400+条，其中涵盖8级规则400+条。 规则库的更新引导
178,F,F 已判配套产品/外部条件——确认即可,配套产品响应,其他,确认现结论口径无误即可，无开发动作,现结论已是「配套产品响应」,否,说明书规则集中的规则内容会根据说明书的修订进行新增、修改；
179,F,F 已判配套产品/外部条件——确认即可,配套产品响应,其他,确认现结论口径无误即可，无开发动作,现结论已是「配套产品响应」,否,3套三甲临床应用规则集会根据回收医院的规则使用进行及时新增、修改；
180,F,F 已判配套产品/外部条件——确认即可,配套产品响应,权限审计与系统运维,确认现结论口径无误即可，无开发动作,现结论已是「配套产品响应」,是,当用户系统知识包更新后，系统可根据用户使用规则的引用情况对更新的内容做出更新提醒，用户可根据自身业务需求对更新的规则进行全部更新、部分更新、或不更新操作；
181,F,F 已判配套产品/外部条件——确认即可,配套产品响应,权限审计与系统运维,确认现结论口径无误即可，无开发动作,现结论已是「配套产品响应」,是,当用户系统知识包更新后，系统可根据用户药品比对情况对新增的规则内容做出新增提醒，用户可根据自身业务需求对新增的规则进行全部更新、部分更新、或不更新操作。 ###
186,F,F 已判配套产品/外部条件——确认即可,配套产品响应,权限审计与系统运维,确认现结论口径无误即可，无开发动作,现结论已是「配套产品响应」,否,适应症：已覆盖除溶媒、肠内和肠外营养用药、疫苗、血浆制品和血浆代用品、止血药、造影剂以外的用户全部药品，及其他已上市药品；
187,F,F 已判配套产品/外部条件——确认即可,配套产品响应,权限审计与系统运维,确认现结论口径无误即可，无开发动作,现结论已是「配套产品响应」,是,禁忌症：已覆盖所有存在禁忌症的用户全部药品，及其他已上市药品； 给药途径的审查
191,F,F 已判配套产品/外部条件——确认即可,配套产品响应,其他,确认现结论口径无误即可，无开发动作,现结论已是「配套产品响应」,否,支持药嘱每次剂量、每平米每次剂量、每公斤每次剂量的审查；
192,F,F 已判配套产品/外部条件——确认即可,配套产品响应,其他,确认现结论口径无误即可，无开发动作,现结论已是「配套产品响应」,否,支持当前审查药嘱每天剂量、每平米每天剂量、每公斤每天剂量的审查；
193,F,F 已判配套产品/外部条件——确认即可,配套产品响应,药事与药房,确认现结论口径无误即可，无开发动作,现结论已是「配套产品响应」,否,支持具体药品的累计日剂量、每平米累计日剂量、每公斤累计日剂量的审查；
194,F,F 已判配套产品/外部条件——确认即可,配套产品响应,药事与药房,确认现结论口径无误即可，无开发动作,现结论已是「配套产品响应」,否,支持具体药品的累计剂量、每平米累计剂量、每公斤累计剂量的审查；
195,F,F 已判配套产品/外部条件——确认即可,配套产品响应,药事与药房,确认现结论口径无误即可，无开发动作,现结论已是「配套产品响应」,否,支持当前药嘱相同成分的药品的成分累计剂量、成分每平米累计剂量、成分每公斤累计剂量的审查，避免同成分合并用药时判断为重复用药的假阳性；（如：复方制剂和单方制剂一起
198,F,F 已判配套产品/外部条件——确认即可,配套产品响应,其他,确认现结论口径无误即可，无开发动作,现结论已是「配套产品响应」,否,实现儿童剂量多维度审查，儿童剂量符合参考标准中年龄和体重任一条件，均判断为合理的剂量；
199,F,F 已判配套产品/外部条件——确认即可,配套产品响应,药事与药房,确认现结论口径无误即可，无开发动作,现结论已是「配套产品响应」,否,实现缓释片、控释片、肠溶片等对分剂量服用有特定要求的药品，其每次给药剂量是否为合理的可分剂量的审查；
201,F,F 已判配套产品/外部条件——确认即可,配套产品响应,药事与药房,确认现结论口径无误即可，无开发动作,现结论已是「配套产品响应」,否,实现异常剂量（覆盖除溶媒、疫苗、血浆成分及血浆代用品、造影、氨基酸、脂肪乳外的成品输液型药品、小容量注射剂和口服药品）的审查：80岁以上老年患者和14岁以下儿童
202,F,F 已判配套产品/外部条件——确认即可,配套产品响应,门急诊与住院业务,确认现结论口径无误即可，无开发动作,现结论已是「配套产品响应」,否,在门诊药嘱用药时，支持特定药品的用药疗程的管控，限制医生仅能在规定疗程内进行开药；
210,F,F 已判配套产品/外部条件——确认即可,配套产品响应,门急诊与住院业务,确认现结论口径无误即可，无开发动作,现结论已是「配套产品响应」,否,实现病人用药处方/医嘱中的同一个全身给药的药品（排除溶媒等药品）重复开具的审查。 配伍的审查
211,F,F 已判配套产品/外部条件——确认即可,配套产品响应,其他,确认现结论口径无误即可，无开发动作,现结论已是「配套产品响应」,否,实现注射剂在开具时，实现配伍审查，提示同组药嘱中是否存在溶媒用量、溶媒选择、稀释（小容量注射剂）、配伍、及钾离子浓度不合理的问题；
212,F,F 已判配套产品/外部条件——确认即可,配套产品响应,其他,确认现结论口径无误即可，无开发动作,现结论已是「配套产品响应」,否,实现《400种中西药注射剂临床配伍应用检索表》、《459种中西药注射剂临床配伍应用检索表》的应用；
213,F,F 已判配套产品/外部条件——确认即可,配套产品响应,药事与药房,确认现结论口径无误即可，无开发动作,现结论已是「配套产品响应」,否,对于必须先用注射用水稀释的注射剂，实现其同组药嘱中是否添加注射用水的审查。 特殊人群用药审查
219,F,F 已判配套产品/外部条件——确认即可,配套产品响应,药事与药房,确认现结论口径无误即可，无开发动作,现结论已是「配套产品响应」,是,根据国家药品监督管理局发布的不良反应信息通报，提醒医生在使用相关药品时需要注意的问题。 其他提醒
221,F,F 已判配套产品/外部条件——确认即可,配套产品响应,门急诊与住院业务,确认现结论口径无误即可，无开发动作,现结论已是「配套产品响应」,否,处方/医嘱中肿瘤注射药品有特殊的滴速、输注速度，告知医生其适宜的滴速、输注速度； 备注：在某类药品上直接编辑提示规则，不论医生对药品的使用正确与否，均给予提示。
222,F,F 已判配套产品/外部条件——确认即可,配套产品响应,其他,确认现结论口径无误即可，无开发动作,现结论已是「配套产品响应」,否,实现饮片十八反、十九畏的配伍管控；
223,F,F 已判配套产品/外部条件——确认即可,配套产品响应,药事与药房,确认现结论口径无误即可，无开发动作,现结论已是「配套产品响应」,否,审查毒性饮片用药剂量是否超过药典推荐的剂量上限范围；
224,F,F 已判配套产品/外部条件——确认即可,配套产品响应,其他,确认现结论口径无误即可，无开发动作,现结论已是「配套产品响应」,否,审查是否存在药典规定的孕期禁止使用的饮片；
225,F,F 已判配套产品/外部条件——确认即可,配套产品响应,其他,确认现结论口径无误即可，无开发动作,现结论已是「配套产品响应」,否,审查外用饮片与药典不匹配的给药途径；
226,F,F 已判配套产品/外部条件——确认即可,配套产品响应,其他,确认现结论口径无误即可，无开发动作,现结论已是「配套产品响应」,否,实现肾功能不全、肝功能不全谨慎使用与禁止作用的饮片管控。 抗菌药物管理
233,F,F 已判配套产品/外部条件——确认即可,配套产品响应,门急诊与住院业务,确认现结论口径无误即可，无开发动作,现结论已是「配套产品响应」,否,对于麻醉药品缓控释制剂（如芬太尼贴剂、硫酸吗啡控释片、盐酸羟考酮缓释片、盐酸羟考酮控释片等），实现不同品种药品重复使用的审查。 TPN处方/医嘱审查
234,F,F 已判配套产品/外部条件——确认即可,配套产品响应,药事与药房,确认现结论口径无误即可，无开发动作,现结论已是「配套产品响应」,否,支持三类肠外营养用药方案（仅含脂肪乳+氨基酸、仅含糖+氨基酸、仅含脂肪乳+糖+氨基酸）的自动识别和审查；
235,F,F 已判配套产品/外部条件——确认即可,配套产品响应,药事与药房,确认现结论口径无误即可，无开发动作,现结论已是「配套产品响应」,否,实现氨基酸类、糖类、脂肪乳类、电解质类、水溶性维生素(复合)、脂溶性维生素(复合)、水溶性维生素(单方)、脂溶性维生素(单方)、微量元素类(复合)、微量元素类(
237,F,F 已判配套产品/外部条件——确认即可,配套产品响应,其他,确认现结论口径无误即可，无开发动作,现结论已是「配套产品响应」,否,实现非蛋白热氮比、糖脂热量比、渗透压、液体量以及各营养物质比例等TPN特征参数的审核；
238,F,F 已判配套产品/外部条件——确认即可,配套产品响应,门急诊与住院业务,确认现结论口径无误即可，无开发动作,现结论已是「配套产品响应」,否,支持TPN处方/医嘱在不同给药途径下渗透压是否符合要求的审查；
239,F,F 已判配套产品/外部条件——确认即可,配套产品响应,其他,确认现结论口径无误即可，无开发动作,现结论已是「配套产品响应」,否,支持营养液加入不允许添加药物的配伍提醒；
240,F,F 已判配套产品/外部条件——确认即可,配套产品响应,其他,确认现结论口径无误即可，无开发动作,现结论已是「配套产品响应」,否,支持营养液中仅含脂肪乳类和糖类，不含氨基酸类药物的配伍提醒。 自定义合理性审查规则
241,F,F 已判配套产品/外部条件——确认即可,配套产品响应,权限审计与系统运维,确认现结论口径无误即可，无开发动作,现结论已是「配套产品响应」,否,支持用户自定义药品规则，能够对所有使用规则（包括引用自说明书规则集的规则和本院自定义的规则）进行新增、修改和删除，实现对用药适应症、禁忌症、用法用量、给药途径、
242,F,F 已判配套产品/外部条件——确认即可,配套产品响应,权限审计与系统运维,确认现结论口径无误即可，无开发动作,现结论已是「配套产品响应」,是,提供150+判断条件，支持用户自定义编辑复杂规则判断，使药品的使用更加符合用户的实际用药情况；
243,F,F 已判配套产品/外部条件——确认即可,配套产品响应,权限审计与系统运维,确认现结论口径无误即可，无开发动作,现结论已是「配套产品响应」,是,提供40+代表药品特点的属性（如单胺氧化酶抑制剂、磺胺结构类药品），支持用户在自定义规则中使用；
246,F,F 已判配套产品/外部条件——确认即可,配套产品响应,权限审计与系统运维,确认现结论口径无误即可，无开发动作,现结论已是「配套产品响应」,是,提供中药颗粒目录，支持用户自定义规则，可以进行相应的管控；
247,F,F 已判配套产品/外部条件——确认即可,配套产品响应,数据治理与报表指标,确认现结论口径无误即可，无开发动作,现结论已是「配套产品响应」,是,支持用户在自定义药品规则时，采用病人特征字典表达病人疾病情况。系统提供2500+个病人特征（如高血压、妊娠期妇女，已覆盖21个疾病）及其定义的规则，其规则可采用
249,F,F 已判配套产品/外部条件——确认即可,配套产品响应,护理与病历文书,确认现结论口径无误即可，无开发动作,现结论已是「配套产品响应」,否,支持用户自定义管理规则，实现对整体用药的管控，包括门、急诊处方药品超多日用量、门诊输液审查（可限定科室、疾病）；药品品种（名称和品种数）、药品发药数量、处方金额
333,F,F 已判配套产品/外部条件——确认即可,配套产品响应,门急诊与住院业务,确认现结论口径无误即可，无开发动作,现结论已是「配套产品响应」,否,点评结果推送 支持将药师点评为不合理的处方推送至相应的开方医生，支持医生在收到点评结果提醒后，免密登录合理用药系统查看具体不合理处方并进行申述；支持将药师点评为
594,F,F 已判配套产品/外部条件——确认即可,配套产品响应,其他,确认现结论口径无误即可，无开发动作,现结论已是「配套产品响应」,是,证书包含一年有效期。 +-------------------------------+------------------------------------
622,F,F 已判配套产品/外部条件——确认即可,配套产品响应,其他,确认现结论口径无误即可，无开发动作,现结论已是「配套产品响应」,是,能够监测总线部署的业务应当用及flow的执行操作时间。能够通过开启flow监测，监测Flow中执行操作的业务消息内容、各个组件的输出业务消息内容等。 +----
998,F,F 已判配套产品/外部条件——确认即可,配套产品响应,医保 DRG 结算,确认现结论口径无误即可，无开发动作,现结论已是「配套产品响应」,是,能够集成合理用药平台信息系统、医保控费平台信息系统进行合理用药及医保控费审查及提示。 +------------------------------------
1011,F,F 已判配套产品/外部条件——确认即可,配套产品响应,门急诊与住院业务,确认现结论口径无误即可，无开发动作,现结论已是「配套产品响应」,否,支持草药处方开立时根据草药成品类型（如中药配方颗粒剂、中药饮片、机配颗粒饮片等）设置的倍数药自动校验医生开立单味草药剂量是否符合倍数药规格，若不符则需进行提醒，
1093,F,F 已判配套产品/外部条件——确认即可,配套产品响应,护理与病历文书,确认现结论口径无误即可，无开发动作,现结论已是「配套产品响应」,是,知识库管理：医生可自行管理知识库词条、导入医学知识库词条，达成病历辅助、高效书写。 +-------------------------------------
1105,F,F 已判配套产品/外部条件——确认即可,配套产品响应,医技检验影像,确认现结论口径无误即可，无开发动作,现结论已是「配套产品响应」,是,系统能够快速、便捷地与自动包药机、自动发药机等自动化设备进行对接。 +---------------------------------------------
1141,F,F 已判配套产品/外部条件——确认即可,配套产品响应,门急诊与住院业务,确认现结论口径无误即可，无开发动作,现结论已是「配套产品响应」,否,系统具备处方审查功能，审查结果可以实时返回至医生工作站。医院可以利用系统数据开展处方点评工作，促进合理用药。 +------------------------
2024,F,F 已判配套产品/外部条件——确认即可,配套产品响应,医技检验影像,确认现结论口径无误即可，无开发动作,现结论已是「配套产品响应」,是,支持对接云胶片系统，医生在手机端接口查看影像报告。 +-----------------------------------------------------
2040,F,F 已判配套产品/外部条件——确认即可,配套产品响应,其他,确认现结论口径无误即可，无开发动作,现结论已是「配套产品响应」,否,医生工号发生变化时，可在手机上修改绑定的工号。 +-------------------------------------------------------
2523,F,F 已判配套产品/外部条件——确认即可,配套产品响应,病理 PIS,确认现结论口径无误即可，无开发动作,现结论已是「配套产品响应」,否,大体取材工作站。 +----------------------------------------------------------------------
2524,F,F 已判配套产品/外部条件——确认即可,配套产品响应,病理 PIS,确认现结论口径无误即可，无开发动作,现结论已是「配套产品响应」,否,支持通过摄像头或数码相机实时采集取材巨检图片，并能够直接导入系统进行图像管理。 +---------------------------------------
2541,F,F 已判配套产品/外部条件——确认即可,配套产品响应,病理 PIS,确认现结论口径无误即可，无开发动作,现结论已是「配套产品响应」,是,系统兼容病理专用的玻片打码设备，实现制片环节切片信息的直接赋码与快速打印。 +-----------------------------------------
4293,F,F 已判配套产品/外部条件——确认即可,配套产品响应,权限审计与系统运维,确认现结论口径无误即可，无开发动作,现结论已是「配套产品响应」,是,审计网1条，规格：100M。租赁服务期限36个月。 +-------------------------------+---------------------
4295,F,F 已判配套产品/外部条件——确认即可,配套产品响应,医技检验影像,确认现结论口径无误即可，无开发动作,现结论已是「配套产品响应」,是,桌面型设备，配置≥5个千兆电口，≥1个千兆Combo接口；三层吞吐量≥3Gbps，应用层吞吐≥600Mbps ，并发连接数≥40万每秒新建连接数（HTTP）≥1
4298,F,F 已判配套产品/外部条件——确认即可,配套产品响应,其他,确认现结论口径无误即可，无开发动作,现结论已是「配套产品响应」,是,①支持对扫描资产进行展示，展示资产名、IP地址、MAC地址、厂商名称、OS等信息，②支持对资产的维护操作包括审批、删除、导入、导出已审批等。（投标人提供相关软件
1067,Y,Y 已挂起的二级评审建议,部分响应,其他,按既有评审建议先行裁决，再并入相应桶,响应说明命中「【二级证据评审建议」,否,实现了对元素库信息的具体详情内容的预先查阅，和对元素库信息的基础信息实施编辑、给指定的元素库增加子类元素库等能力。 +---------------------
1071,Y,Y 已挂起的二级评审建议,部分响应,其他,按既有评审建议先行裁决，再并入相应桶,响应说明命中「【二级证据评审建议」,否,实现了对数据源信息的具体详情内容的预先查阅，和对数据源信息的基础信息实施编辑、给指定的数据源增加子类数据源等能力。 +---------------------
1168,Y,Y 已挂起的二级评审建议,部分响应,其他,按既有评审建议先行裁决，再并入相应桶,响应说明命中「【二级证据评审建议」,否,系统支持自定义每月的月结日期。首次月结基于初始化建账的日期，之后每个月的月结周期则从上一次月结的终止时间开始计算。 +---------------------
1169,Y,Y 已挂起的二级评审建议,部分响应,其他,按既有评审建议先行裁决，再并入相应桶,响应说明命中「【二级证据评审建议」,否,系统提供了取消月结的功能，但为确保数据连续性，取消操作必须从最后一个已月结的月份开始，逐月向前进行，不允许跨月取消。 +--------------------
1406,Y,Y 已挂起的二级评审建议,部分响应,其他,按既有评审建议先行裁决，再并入相应桶,响应说明命中「【二级证据评审建议」,否,可按照行业标准格式自动生成器械清点记录单，同时支持根据医院实际管理需求，定制化调整记录单格式，适配院内器械管理规范。 +--------------------
1411,Y,Y 已挂起的二级评审建议,部分响应,其他,按既有评审建议先行裁决，再并入相应桶,响应说明命中「【二级证据评审建议」,否,可按照行业通用标准格式自动生成安全核查记录单，同时支持结合医院实际管理规范，定制化调整记录单的内容与格式，全面适配院内安全核查工作需求。 +----------
2445,Y,Y 已挂起的二级评审建议,部分响应,其他,按既有评审建议先行裁决，再并入相应桶,响应说明命中「【二级证据评审建议」,否,实现了对数据源数据的详细信息的预览，以及对数据源数据的基本信息进行修改、给指定的数据源新增子类数据源等功能。 （6）参数管理
